-- APPLE iPhone 15
INSERT INTO phone_models (id, brand, model, released_price, released_at, created_at, updated_at, is_delete) VALUES ('1389e197-5176-4763-9f34-fff92d230ca1', 'APPLE', 'iPhone 15', 1250000, '2023-10-13', '2026-02-23 22:48:49', '2026-02-23 22:48:49', FALSE) ON CONFLICT (id) DO NOTHING;
INSERT INTO phone_options (id, model_id, option_type, option_value, display_label, created_at, updated_at, is_delete) VALUES ('7e4cc72f-38bc-4ffc-95c9-3675dea36a64', '1389e197-5176-4763-9f34-fff92d230ca1', 'COLOR', 'Black', '블랙', '2026-02-23 22:48:49', '2026-02-23 22:48:49', FALSE) ON CONFLICT (id) DO NOTHING;
INSERT INTO phone_options (id, model_id, option_type, option_value, display_label, created_at, updated_at, is_delete) VALUES ('4fc2f9ed-c6f9-493c-990d-d3230c459de3', '1389e197-5176-4763-9f34-fff92d230ca1', 'COLOR', 'Blue', '블루', '2026-02-23 22:48:49', '2026-02-23 22:48:49', FALSE) ON CONFLICT (id) DO NOTHING;
INSERT INTO phone_options (id, model_id, option_type, option_value, display_label, created_at, updated_at, is_delete) VALUES ('d7b23efc-7727-4a88-9e5a-31b84e2ee608', '1389e197-5176-4763-9f34-fff92d230ca1', 'COLOR', 'Green', '그린', '2026-02-23 22:48:49', '2026-02-23 22:48:49', FALSE) ON CONFLICT (id) DO NOTHING;
INSERT INTO phone_options (id, model_id, option_type, option_value, display_label, created_at, updated_at, is_delete) VALUES ('b61a47ee-8174-4dbe-b519-f992d5b714d4', '1389e197-5176-4763-9f34-fff92d230ca1', 'COLOR', 'Yellow', '옐로우', '2026-02-23 22:48:49', '2026-02-23 22:48:49', FALSE) ON CONFLICT (id) DO NOTHING;
INSERT INTO phone_options (id, model_id, option_type, option_value, display_label, created_at, updated_at, is_delete) VALUES ('7b9e1ac3-b126-4305-a15f-a0c762ed6fff', '1389e197-5176-4763-9f34-fff92d230ca1', 'COLOR', 'Pink', '핑크', '2026-02-23 22:48:49', '2026-02-23 22:48:49', FALSE) ON CONFLICT (id) DO NOTHING;
INSERT INTO phone_options (id, model_id, option_type, option_value, display_label, created_at, updated_at, is_delete) VALUES ('2c8549be-5c9a-449e-88a3-cb2dd0c177d7', '1389e197-5176-4763-9f34-fff92d230ca1', 'STORAGE', '128GB', '128GB', '2026-02-23 22:48:49', '2026-02-23 22:48:49', FALSE) ON CONFLICT (id) DO NOTHING;
INSERT INTO phone_options (id, model_id, option_type, option_value, display_label, created_at, updated_at, is_delete) VALUES ('f6d12077-a699-40bf-984a-828868fc901b', '1389e197-5176-4763-9f34-fff92d230ca1', 'STORAGE', '256GB', '256GB', '2026-02-23 22:48:49', '2026-02-23 22:48:49', FALSE) ON CONFLICT (id) DO NOTHING;
INSERT INTO phone_options (id, model_id, option_type, option_value, display_label, created_at, updated_at, is_delete) VALUES ('b422bc7b-6205-4e11-806a-80b1ef003fc0', '1389e197-5176-4763-9f34-fff92d230ca1', 'STORAGE', '512GB', '512GB', '2026-02-23 22:48:49', '2026-02-23 22:48:49', FALSE) ON CONFLICT (id) DO NOTHING;

-- APPLE iPhone 15 Plus
INSERT INTO phone_models (id, brand, model, released_price, released_at, created_at, updated_at, is_delete) VALUES ('d23ed0bb-6e00-4ae7-9cf4-1ddf90035578', 'APPLE', 'iPhone 15 Plus', 1350000, '2023-10-13', '2026-02-23 22:48:49', '2026-02-23 22:48:49', FALSE) ON CONFLICT (id) DO NOTHING;
INSERT INTO phone_options (id, model_id, option_type, option_value, display_label, created_at, updated_at, is_delete) VALUES ('267d7882-2130-4d14-a2c3-d0156fb7c665', 'd23ed0bb-6e00-4ae7-9cf4-1ddf90035578', 'COLOR', 'Black', '블랙', '2026-02-23 22:48:49', '2026-02-23 22:48:49', FALSE) ON CONFLICT (id) DO NOTHING;
INSERT INTO phone_options (id, model_id, option_type, option_value, display_label, created_at, updated_at, is_delete) VALUES ('f0c944ae-f372-4414-a6e6-eec2f117f113', 'd23ed0bb-6e00-4ae7-9cf4-1ddf90035578', 'COLOR', 'Blue', '블루', '2026-02-23 22:48:49', '2026-02-23 22:48:49', FALSE) ON CONFLICT (id) DO NOTHING;
INSERT INTO phone_options (id, model_id, option_type, option_value, display_label, created_at, updated_at, is_delete) VALUES ('08bd86b4-09fb-4293-bf4f-708afc49e275', 'd23ed0bb-6e00-4ae7-9cf4-1ddf90035578', 'COLOR', 'Green', '그린', '2026-02-23 22:48:49', '2026-02-23 22:48:49', FALSE) ON CONFLICT (id) DO NOTHING;
INSERT INTO phone_options (id, model_id, option_type, option_value, display_label, created_at, updated_at, is_delete) VALUES ('2c5bb545-d373-40e3-b905-c2a00adc3d15', 'd23ed0bb-6e00-4ae7-9cf4-1ddf90035578', 'COLOR', 'Yellow', '옐로우', '2026-02-23 22:48:49', '2026-02-23 22:48:49', FALSE) ON CONFLICT (id) DO NOTHING;
INSERT INTO phone_options (id, model_id, option_type, option_value, display_label, created_at, updated_at, is_delete) VALUES ('072a9758-887f-4e46-9ee9-ef21c3789fca', 'd23ed0bb-6e00-4ae7-9cf4-1ddf90035578', 'COLOR', 'Pink', '핑크', '2026-02-23 22:48:49', '2026-02-23 22:48:49', FALSE) ON CONFLICT (id) DO NOTHING;
INSERT INTO phone_options (id, model_id, option_type, option_value, display_label, created_at, updated_at, is_delete) VALUES ('07eeb4c9-a84f-43d9-acc9-878495544ae0', 'd23ed0bb-6e00-4ae7-9cf4-1ddf90035578', 'STORAGE', '128GB', '128GB', '2026-02-23 22:48:49', '2026-02-23 22:48:49', FALSE) ON CONFLICT (id) DO NOTHING;
INSERT INTO phone_options (id, model_id, option_type, option_value, display_label, created_at, updated_at, is_delete) VALUES ('c8ca1aff-abed-4ff0-8443-6e766a2938c7', 'd23ed0bb-6e00-4ae7-9cf4-1ddf90035578', 'STORAGE', '256GB', '256GB', '2026-02-23 22:48:49', '2026-02-23 22:48:49', FALSE) ON CONFLICT (id) DO NOTHING;
INSERT INTO phone_options (id, model_id, option_type, option_value, display_label, created_at, updated_at, is_delete) VALUES ('c3d50c4b-13b7-458f-bf01-26dfe9db24fe', 'd23ed0bb-6e00-4ae7-9cf4-1ddf90035578', 'STORAGE', '512GB', '512GB', '2026-02-23 22:48:49', '2026-02-23 22:48:49', FALSE) ON CONFLICT (id) DO NOTHING;

-- APPLE iPhone 15 Pro
INSERT INTO phone_models (id, brand, model, released_price, released_at, created_at, updated_at, is_delete) VALUES ('ce2beeff-c35b-4d25-898a-26431ea5d93e', 'APPLE', 'iPhone 15 Pro', 1550000, '2023-10-13', '2026-02-23 22:48:49', '2026-02-23 22:48:49', FALSE) ON CONFLICT (id) DO NOTHING;
INSERT INTO phone_options (id, model_id, option_type, option_value, display_label, created_at, updated_at, is_delete) VALUES ('9477ef4b-657c-4d9a-92c9-9c25242348e0', 'ce2beeff-c35b-4d25-898a-26431ea5d93e', 'COLOR', 'Natural Titanium', '내추럴 티타늄', '2026-02-23 22:48:49', '2026-02-23 22:48:49', FALSE) ON CONFLICT (id) DO NOTHING;
INSERT INTO phone_options (id, model_id, option_type, option_value, display_label, created_at, updated_at, is_delete) VALUES ('d3bf1288-1cb2-4c6a-a77c-cb74b679ed25', 'ce2beeff-c35b-4d25-898a-26431ea5d93e', 'COLOR', 'Blue Titanium', '블루 티타늄', '2026-02-23 22:48:49', '2026-02-23 22:48:49', FALSE) ON CONFLICT (id) DO NOTHING;
INSERT INTO phone_options (id, model_id, option_type, option_value, display_label, created_at, updated_at, is_delete) VALUES ('57bb8fd4-de99-4c43-9e80-dc643ed3d40f', 'ce2beeff-c35b-4d25-898a-26431ea5d93e', 'COLOR', 'White Titanium', '화이트 티타늄', '2026-02-23 22:48:49', '2026-02-23 22:48:49', FALSE) ON CONFLICT (id) DO NOTHING;
INSERT INTO phone_options (id, model_id, option_type, option_value, display_label, created_at, updated_at, is_delete) VALUES ('5e0dbb6e-728d-4a20-9ead-089af2847313', 'ce2beeff-c35b-4d25-898a-26431ea5d93e', 'COLOR', 'Black Titanium', '블랙 티타늄', '2026-02-23 22:48:49', '2026-02-23 22:48:49', FALSE) ON CONFLICT (id) DO NOTHING;
INSERT INTO phone_options (id, model_id, option_type, option_value, display_label, created_at, updated_at, is_delete) VALUES ('24e5f699-729a-4c6f-86d0-cb28e7a3fc55', 'ce2beeff-c35b-4d25-898a-26431ea5d93e', 'STORAGE', '128GB', '128GB', '2026-02-23 22:48:49', '2026-02-23 22:48:49', FALSE) ON CONFLICT (id) DO NOTHING;
INSERT INTO phone_options (id, model_id, option_type, option_value, display_label, created_at, updated_at, is_delete) VALUES ('63f01181-26c5-42c1-8dcb-eedfe8c7966b', 'ce2beeff-c35b-4d25-898a-26431ea5d93e', 'STORAGE', '256GB', '256GB', '2026-02-23 22:48:49', '2026-02-23 22:48:49', FALSE) ON CONFLICT (id) DO NOTHING;
INSERT INTO phone_options (id, model_id, option_type, option_value, display_label, created_at, updated_at, is_delete) VALUES ('b1d5134c-1a54-40aa-ba57-48916e7fafc3', 'ce2beeff-c35b-4d25-898a-26431ea5d93e', 'STORAGE', '512GB', '512GB', '2026-02-23 22:48:49', '2026-02-23 22:48:49', FALSE) ON CONFLICT (id) DO NOTHING;
INSERT INTO phone_options (id, model_id, option_type, option_value, display_label, created_at, updated_at, is_delete) VALUES ('397cf6ca-8446-4c4c-ad48-83a2e31ca31d', 'ce2beeff-c35b-4d25-898a-26431ea5d93e', 'STORAGE', '1TB', '1TB', '2026-02-23 22:48:49', '2026-02-23 22:48:49', FALSE) ON CONFLICT (id) DO NOTHING;

-- APPLE iPhone 15 Pro Max
INSERT INTO phone_models (id, brand, model, released_price, released_at, created_at, updated_at, is_delete) VALUES ('e2d12863-f0d1-4c4f-9201-53d43396955e', 'APPLE', 'iPhone 15 Pro Max', 1900000, '2023-10-13', '2026-02-23 22:48:49', '2026-02-23 22:48:49', FALSE) ON CONFLICT (id) DO NOTHING;
INSERT INTO phone_options (id, model_id, option_type, option_value, display_label, created_at, updated_at, is_delete) VALUES ('704223d7-1f96-418c-b555-44dfa4cde9ff', 'e2d12863-f0d1-4c4f-9201-53d43396955e', 'COLOR', 'Natural Titanium', '내추럴 티타늄', '2026-02-23 22:48:49', '2026-02-23 22:48:49', FALSE) ON CONFLICT (id) DO NOTHING;
INSERT INTO phone_options (id, model_id, option_type, option_value, display_label, created_at, updated_at, is_delete) VALUES ('c57556ac-4a67-429b-b78e-08ddba6b43cb', 'e2d12863-f0d1-4c4f-9201-53d43396955e', 'COLOR', 'Blue Titanium', '블루 티타늄', '2026-02-23 22:48:49', '2026-02-23 22:48:49', FALSE) ON CONFLICT (id) DO NOTHING;
INSERT INTO phone_options (id, model_id, option_type, option_value, display_label, created_at, updated_at, is_delete) VALUES ('edc1d747-af6b-4709-9bc9-95701dd9f3f5', 'e2d12863-f0d1-4c4f-9201-53d43396955e', 'COLOR', 'White Titanium', '화이트 티타늄', '2026-02-23 22:48:49', '2026-02-23 22:48:49', FALSE) ON CONFLICT (id) DO NOTHING;
INSERT INTO phone_options (id, model_id, option_type, option_value, display_label, created_at, updated_at, is_delete) VALUES ('76f7aaa8-3236-4eb0-bf54-ac65ebd83922', 'e2d12863-f0d1-4c4f-9201-53d43396955e', 'COLOR', 'Black Titanium', '블랙 티타늄', '2026-02-23 22:48:49', '2026-02-23 22:48:49', FALSE) ON CONFLICT (id) DO NOTHING;
INSERT INTO phone_options (id, model_id, option_type, option_value, display_label, created_at, updated_at, is_delete) VALUES ('7743b8bd-9a06-4894-a743-a23b67799cf1', 'e2d12863-f0d1-4c4f-9201-53d43396955e', 'STORAGE', '256GB', '256GB', '2026-02-23 22:48:49', '2026-02-23 22:48:49', FALSE) ON CONFLICT (id) DO NOTHING;
INSERT INTO phone_options (id, model_id, option_type, option_value, display_label, created_at, updated_at, is_delete) VALUES ('b2c0ec89-81d8-4781-b2f5-2e5eb376c777', 'e2d12863-f0d1-4c4f-9201-53d43396955e', 'STORAGE', '512GB', '512GB', '2026-02-23 22:48:49', '2026-02-23 22:48:49', FALSE) ON CONFLICT (id) DO NOTHING;
INSERT INTO phone_options (id, model_id, option_type, option_value, display_label, created_at, updated_at, is_delete) VALUES ('ceee1707-2315-44ca-a215-6c0ec1343d45', 'e2d12863-f0d1-4c4f-9201-53d43396955e', 'STORAGE', '1TB', '1TB', '2026-02-23 22:48:49', '2026-02-23 22:48:49', FALSE) ON CONFLICT (id) DO NOTHING;

-- APPLE iPhone 16
INSERT INTO phone_models (id, brand, model, released_price, released_at, created_at, updated_at, is_delete) VALUES ('91bfa9bc-97f8-4093-acd9-749356415499', 'APPLE', 'iPhone 16', 1250000, '2024-09-20', '2026-02-23 22:48:49', '2026-02-23 22:48:49', FALSE) ON CONFLICT (id) DO NOTHING;
INSERT INTO phone_options (id, model_id, option_type, option_value, display_label, created_at, updated_at, is_delete) VALUES ('e61714f3-6200-4631-ab9c-bb429f5b9cc9', '91bfa9bc-97f8-4093-acd9-749356415499', 'COLOR', 'Black', '블랙', '2026-02-23 22:48:49', '2026-02-23 22:48:49', FALSE) ON CONFLICT (id) DO NOTHING;
INSERT INTO phone_options (id, model_id, option_type, option_value, display_label, created_at, updated_at, is_delete) VALUES ('e63e829b-0dd2-4b50-a781-f6da736c19d4', '91bfa9bc-97f8-4093-acd9-749356415499', 'COLOR', 'White', '화이트', '2026-02-23 22:48:49', '2026-02-23 22:48:49', FALSE) ON CONFLICT (id) DO NOTHING;
INSERT INTO phone_options (id, model_id, option_type, option_value, display_label, created_at, updated_at, is_delete) VALUES ('25b861b0-6c07-4a49-a143-0af46c1b9dd0', '91bfa9bc-97f8-4093-acd9-749356415499', 'COLOR', 'Pink', '핑크', '2026-02-23 22:48:49', '2026-02-23 22:48:49', FALSE) ON CONFLICT (id) DO NOTHING;
INSERT INTO phone_options (id, model_id, option_type, option_value, display_label, created_at, updated_at, is_delete) VALUES ('3920c7d9-3ff7-4a5f-a118-0d70635ccb65', '91bfa9bc-97f8-4093-acd9-749356415499', 'COLOR', 'Teal', '틸', '2026-02-23 22:48:49', '2026-02-23 22:48:49', FALSE) ON CONFLICT (id) DO NOTHING;
INSERT INTO phone_options (id, model_id, option_type, option_value, display_label, created_at, updated_at, is_delete) VALUES ('1e16729e-ea9e-4da4-896d-ed2c69f9d3cb', '91bfa9bc-97f8-4093-acd9-749356415499', 'COLOR', 'Ultramarine', '울트라마린', '2026-02-23 22:48:49', '2026-02-23 22:48:49', FALSE) ON CONFLICT (id) DO NOTHING;
INSERT INTO phone_options (id, model_id, option_type, option_value, display_label, created_at, updated_at, is_delete) VALUES ('9d3110a1-1bc5-46fa-b6b4-c63884c61f0a', '91bfa9bc-97f8-4093-acd9-749356415499', 'STORAGE', '128GB', '128GB', '2026-02-23 22:48:49', '2026-02-23 22:48:49', FALSE) ON CONFLICT (id) DO NOTHING;
INSERT INTO phone_options (id, model_id, option_type, option_value, display_label, created_at, updated_at, is_delete) VALUES ('667ac51a-e969-4c82-b0c3-13dc3d4d0de6', '91bfa9bc-97f8-4093-acd9-749356415499', 'STORAGE', '256GB', '256GB', '2026-02-23 22:48:49', '2026-02-23 22:48:49', FALSE) ON CONFLICT (id) DO NOTHING;
INSERT INTO phone_options (id, model_id, option_type, option_value, display_label, created_at, updated_at, is_delete) VALUES ('19543572-270c-4ab0-9cc0-df344ef60feb', '91bfa9bc-97f8-4093-acd9-749356415499', 'STORAGE', '512GB', '512GB', '2026-02-23 22:48:49', '2026-02-23 22:48:49', FALSE) ON CONFLICT (id) DO NOTHING;

-- APPLE iPhone 16 Plus
INSERT INTO phone_models (id, brand, model, released_price, released_at, created_at, updated_at, is_delete) VALUES ('8cdec9c4-42a6-4818-8f90-df033c0724ae', 'APPLE', 'iPhone 16 Plus', 1350000, '2024-09-20', '2026-02-23 22:48:49', '2026-02-23 22:48:49', FALSE) ON CONFLICT (id) DO NOTHING;
INSERT INTO phone_options (id, model_id, option_type, option_value, display_label, created_at, updated_at, is_delete) VALUES ('2f2823eb-54d2-4520-a16d-4b6fbbcc59e2', '8cdec9c4-42a6-4818-8f90-df033c0724ae', 'COLOR', 'Black', '블랙', '2026-02-23 22:48:49', '2026-02-23 22:48:49', FALSE) ON CONFLICT (id) DO NOTHING;
INSERT INTO phone_options (id, model_id, option_type, option_value, display_label, created_at, updated_at, is_delete) VALUES ('c11be2c3-3733-4cfe-907b-a8d3f1a1d3c4', '8cdec9c4-42a6-4818-8f90-df033c0724ae', 'COLOR', 'White', '화이트', '2026-02-23 22:48:49', '2026-02-23 22:48:49', FALSE) ON CONFLICT (id) DO NOTHING;
INSERT INTO phone_options (id, model_id, option_type, option_value, display_label, created_at, updated_at, is_delete) VALUES ('bd5dd06f-0f9b-481e-8632-2bf2eab61339', '8cdec9c4-42a6-4818-8f90-df033c0724ae', 'COLOR', 'Pink', '핑크', '2026-02-23 22:48:49', '2026-02-23 22:48:49', FALSE) ON CONFLICT (id) DO NOTHING;
INSERT INTO phone_options (id, model_id, option_type, option_value, display_label, created_at, updated_at, is_delete) VALUES ('b423af6c-8113-4cf7-9dd2-a71355f30442', '8cdec9c4-42a6-4818-8f90-df033c0724ae', 'COLOR', 'Teal', '틸', '2026-02-23 22:48:49', '2026-02-23 22:48:49', FALSE) ON CONFLICT (id) DO NOTHING;
INSERT INTO phone_options (id, model_id, option_type, option_value, display_label, created_at, updated_at, is_delete) VALUES ('fbf1e002-f1b3-43bd-8e2d-1f2016663cd7', '8cdec9c4-42a6-4818-8f90-df033c0724ae', 'COLOR', 'Ultramarine', '울트라마린', '2026-02-23 22:48:49', '2026-02-23 22:48:49', FALSE) ON CONFLICT (id) DO NOTHING;
INSERT INTO phone_options (id, model_id, option_type, option_value, display_label, created_at, updated_at, is_delete) VALUES ('f2911a42-a8f3-4468-80ba-3624392ca690', '8cdec9c4-42a6-4818-8f90-df033c0724ae', 'STORAGE', '128GB', '128GB', '2026-02-23 22:48:49', '2026-02-23 22:48:49', FALSE) ON CONFLICT (id) DO NOTHING;
INSERT INTO phone_options (id, model_id, option_type, option_value, display_label, created_at, updated_at, is_delete) VALUES ('2b6cca86-e67a-4efe-b068-7c0f825463dd', '8cdec9c4-42a6-4818-8f90-df033c0724ae', 'STORAGE', '256GB', '256GB', '2026-02-23 22:48:49', '2026-02-23 22:48:49', FALSE) ON CONFLICT (id) DO NOTHING;
INSERT INTO phone_options (id, model_id, option_type, option_value, display_label, created_at, updated_at, is_delete) VALUES ('85691545-ddf1-457a-8060-1ae0e733c707', '8cdec9c4-42a6-4818-8f90-df033c0724ae', 'STORAGE', '512GB', '512GB', '2026-02-23 22:48:49', '2026-02-23 22:48:49', FALSE) ON CONFLICT (id) DO NOTHING;

-- APPLE iPhone 16 Pro
INSERT INTO phone_models (id, brand, model, released_price, released_at, created_at, updated_at, is_delete) VALUES ('2a4ab6c0-2cbb-4072-a420-6b6e78361adc', 'APPLE', 'iPhone 16 Pro', 1550000, '2024-09-20', '2026-02-23 22:48:49', '2026-02-23 22:48:49', FALSE) ON CONFLICT (id) DO NOTHING;
INSERT INTO phone_options (id, model_id, option_type, option_value, display_label, created_at, updated_at, is_delete) VALUES ('5e2d85a5-5412-4b5c-83de-e83da3782e9c', '2a4ab6c0-2cbb-4072-a420-6b6e78361adc', 'COLOR', 'Black Titanium', '블랙 티타늄', '2026-02-23 22:48:49', '2026-02-23 22:48:49', FALSE) ON CONFLICT (id) DO NOTHING;
INSERT INTO phone_options (id, model_id, option_type, option_value, display_label, created_at, updated_at, is_delete) VALUES ('420f7232-22ef-41e2-b36b-cfb8bcd918ca', '2a4ab6c0-2cbb-4072-a420-6b6e78361adc', 'COLOR', 'White Titanium', '화이트 티타늄', '2026-02-23 22:48:49', '2026-02-23 22:48:49', FALSE) ON CONFLICT (id) DO NOTHING;
INSERT INTO phone_options (id, model_id, option_type, option_value, display_label, created_at, updated_at, is_delete) VALUES ('d4532f80-0854-4e7a-898a-fc8240cea13d', '2a4ab6c0-2cbb-4072-a420-6b6e78361adc', 'COLOR', 'Natural Titanium', '내추럴 티타늄', '2026-02-23 22:48:49', '2026-02-23 22:48:49', FALSE) ON CONFLICT (id) DO NOTHING;
INSERT INTO phone_options (id, model_id, option_type, option_value, display_label, created_at, updated_at, is_delete) VALUES ('03bc2907-8f01-4587-af03-7433fd361142', '2a4ab6c0-2cbb-4072-a420-6b6e78361adc', 'COLOR', 'Desert Titanium', '데저트 티타늄', '2026-02-23 22:48:49', '2026-02-23 22:48:49', FALSE) ON CONFLICT (id) DO NOTHING;
INSERT INTO phone_options (id, model_id, option_type, option_value, display_label, created_at, updated_at, is_delete) VALUES ('0d9515b2-fb95-4dda-aa4d-4651c542fb83', '2a4ab6c0-2cbb-4072-a420-6b6e78361adc', 'STORAGE', '128GB', '128GB', '2026-02-23 22:48:49', '2026-02-23 22:48:49', FALSE) ON CONFLICT (id) DO NOTHING;
INSERT INTO phone_options (id, model_id, option_type, option_value, display_label, created_at, updated_at, is_delete) VALUES ('b18bc843-fe22-4ea0-be8a-1714e87ad89c', '2a4ab6c0-2cbb-4072-a420-6b6e78361adc', 'STORAGE', '256GB', '256GB', '2026-02-23 22:48:49', '2026-02-23 22:48:49', FALSE) ON CONFLICT (id) DO NOTHING;
INSERT INTO phone_options (id, model_id, option_type, option_value, display_label, created_at, updated_at, is_delete) VALUES ('c2d39e92-879d-40fa-bdf5-ad62c5af4f8f', '2a4ab6c0-2cbb-4072-a420-6b6e78361adc', 'STORAGE', '512GB', '512GB', '2026-02-23 22:48:49', '2026-02-23 22:48:49', FALSE) ON CONFLICT (id) DO NOTHING;
INSERT INTO phone_options (id, model_id, option_type, option_value, display_label, created_at, updated_at, is_delete) VALUES ('d7661101-1f99-4353-b782-d2daff81b764', '2a4ab6c0-2cbb-4072-a420-6b6e78361adc', 'STORAGE', '1TB', '1TB', '2026-02-23 22:48:49', '2026-02-23 22:48:49', FALSE) ON CONFLICT (id) DO NOTHING;

-- APPLE iPhone 16 Pro Max
INSERT INTO phone_models (id, brand, model, released_price, released_at, created_at, updated_at, is_delete) VALUES ('47ed8103-24be-42b7-b899-a43d044ef1ef', 'APPLE', 'iPhone 16 Pro Max', 1900000, '2024-09-20', '2026-02-23 22:48:49', '2026-02-23 22:48:49', FALSE) ON CONFLICT (id) DO NOTHING;
INSERT INTO phone_options (id, model_id, option_type, option_value, display_label, created_at, updated_at, is_delete) VALUES ('b8300ef5-f222-49bf-b159-4f7184020a57', '47ed8103-24be-42b7-b899-a43d044ef1ef', 'COLOR', 'Black Titanium', '블랙 티타늄', '2026-02-23 22:48:49', '2026-02-23 22:48:49', FALSE) ON CONFLICT (id) DO NOTHING;
INSERT INTO phone_options (id, model_id, option_type, option_value, display_label, created_at, updated_at, is_delete) VALUES ('a516e6bf-8081-4888-a0c6-958466aeccf8', '47ed8103-24be-42b7-b899-a43d044ef1ef', 'COLOR', 'White Titanium', '화이트 티타늄', '2026-02-23 22:48:49', '2026-02-23 22:48:49', FALSE) ON CONFLICT (id) DO NOTHING;
INSERT INTO phone_options (id, model_id, option_type, option_value, display_label, created_at, updated_at, is_delete) VALUES ('65b3ada6-4bc7-4435-b4e0-1e2a2ff1457e', '47ed8103-24be-42b7-b899-a43d044ef1ef', 'COLOR', 'Natural Titanium', '내추럴 티타늄', '2026-02-23 22:48:49', '2026-02-23 22:48:49', FALSE) ON CONFLICT (id) DO NOTHING;
INSERT INTO phone_options (id, model_id, option_type, option_value, display_label, created_at, updated_at, is_delete) VALUES ('5eb62f15-f0b4-49b3-acf9-e17e3da9b134', '47ed8103-24be-42b7-b899-a43d044ef1ef', 'COLOR', 'Desert Titanium', '데저트 티타늄', '2026-02-23 22:48:49', '2026-02-23 22:48:49', FALSE) ON CONFLICT (id) DO NOTHING;
INSERT INTO phone_options (id, model_id, option_type, option_value, display_label, created_at, updated_at, is_delete) VALUES ('b4b6b307-21a8-41c2-88c8-ad3ecc708de8', '47ed8103-24be-42b7-b899-a43d044ef1ef', 'STORAGE', '256GB', '256GB', '2026-02-23 22:48:49', '2026-02-23 22:48:49', FALSE) ON CONFLICT (id) DO NOTHING;
INSERT INTO phone_options (id, model_id, option_type, option_value, display_label, created_at, updated_at, is_delete) VALUES ('de6e4613-ece5-421e-a47c-226b46960885', '47ed8103-24be-42b7-b899-a43d044ef1ef', 'STORAGE', '512GB', '512GB', '2026-02-23 22:48:49', '2026-02-23 22:48:49', FALSE) ON CONFLICT (id) DO NOTHING;
INSERT INTO phone_options (id, model_id, option_type, option_value, display_label, created_at, updated_at, is_delete) VALUES ('85493e98-95d2-475b-b20f-102a246f590a', '47ed8103-24be-42b7-b899-a43d044ef1ef', 'STORAGE', '1TB', '1TB', '2026-02-23 22:48:49', '2026-02-23 22:48:49', FALSE) ON CONFLICT (id) DO NOTHING;

-- APPLE iPhone 16e
INSERT INTO phone_models (id, brand, model, released_price, released_at, created_at, updated_at, is_delete) VALUES ('efb23770-c7d1-4353-bbe9-f69eb9e083ac', 'APPLE', 'iPhone 16e', 990000, '2025-02-28', '2026-02-23 22:48:49', '2026-02-23 22:48:49', FALSE) ON CONFLICT (id) DO NOTHING;
INSERT INTO phone_options (id, model_id, option_type, option_value, display_label, created_at, updated_at, is_delete) VALUES ('e54e9b6b-7ba9-4b09-aa97-19e9a71101a3', 'efb23770-c7d1-4353-bbe9-f69eb9e083ac', 'COLOR', 'Black', '블랙', '2026-02-23 22:48:49', '2026-02-23 22:48:49', FALSE) ON CONFLICT (id) DO NOTHING;
INSERT INTO phone_options (id, model_id, option_type, option_value, display_label, created_at, updated_at, is_delete) VALUES ('d03cbcb4-270f-4b1d-bb2a-4d3c0f931b10', 'efb23770-c7d1-4353-bbe9-f69eb9e083ac', 'COLOR', 'White', '화이트', '2026-02-23 22:48:49', '2026-02-23 22:48:49', FALSE) ON CONFLICT (id) DO NOTHING;
INSERT INTO phone_options (id, model_id, option_type, option_value, display_label, created_at, updated_at, is_delete) VALUES ('23d06dfb-f5eb-45c4-8b03-2a7a4d68bec8', 'efb23770-c7d1-4353-bbe9-f69eb9e083ac', 'STORAGE', '128GB', '128GB', '2026-02-23 22:48:49', '2026-02-23 22:48:49', FALSE) ON CONFLICT (id) DO NOTHING;
INSERT INTO phone_options (id, model_id, option_type, option_value, display_label, created_at, updated_at, is_delete) VALUES ('67fb12e7-a6c2-4394-93ee-a66874dd7562', 'efb23770-c7d1-4353-bbe9-f69eb9e083ac', 'STORAGE', '256GB', '256GB', '2026-02-23 22:48:49', '2026-02-23 22:48:49', FALSE) ON CONFLICT (id) DO NOTHING;
INSERT INTO phone_options (id, model_id, option_type, option_value, display_label, created_at, updated_at, is_delete) VALUES ('de2f1290-ac18-4e30-8ebc-69b8a9916bd6', 'efb23770-c7d1-4353-bbe9-f69eb9e083ac', 'STORAGE', '512GB', '512GB', '2026-02-23 22:48:49', '2026-02-23 22:48:49', FALSE) ON CONFLICT (id) DO NOTHING;

-- SAMSUNG Galaxy S23
INSERT INTO phone_models (id, brand, model, released_price, released_at, created_at, updated_at, is_delete) VALUES ('c6cbd2a3-2eb6-4cb5-acef-f86cd6786c1b', 'SAMSUNG', 'Galaxy S23', 1155000, '2023-02-17', '2026-02-23 22:48:49', '2026-02-23 22:48:49', FALSE) ON CONFLICT (id) DO NOTHING;
INSERT INTO phone_options (id, model_id, option_type, option_value, display_label, created_at, updated_at, is_delete) VALUES ('d6dc036c-4869-4c41-a554-0ff8b6b2c781', 'c6cbd2a3-2eb6-4cb5-acef-f86cd6786c1b', 'COLOR', 'Phantom Black', '팬텀 블랙', '2026-02-23 22:48:49', '2026-02-23 22:48:49', FALSE) ON CONFLICT (id) DO NOTHING;
INSERT INTO phone_options (id, model_id, option_type, option_value, display_label, created_at, updated_at, is_delete) VALUES ('714601bf-160c-4d97-adb1-5ba02ee5d6c1', 'c6cbd2a3-2eb6-4cb5-acef-f86cd6786c1b', 'COLOR', 'Cream', '크림', '2026-02-23 22:48:49', '2026-02-23 22:48:49', FALSE) ON CONFLICT (id) DO NOTHING;
INSERT INTO phone_options (id, model_id, option_type, option_value, display_label, created_at, updated_at, is_delete) VALUES ('85cac2dd-201a-4440-b0a7-c875721eef01', 'c6cbd2a3-2eb6-4cb5-acef-f86cd6786c1b', 'COLOR', 'Green', '그린', '2026-02-23 22:48:49', '2026-02-23 22:48:49', FALSE) ON CONFLICT (id) DO NOTHING;
INSERT INTO phone_options (id, model_id, option_type, option_value, display_label, created_at, updated_at, is_delete) VALUES ('a05968f9-079d-4182-86d4-b90daa621f82', 'c6cbd2a3-2eb6-4cb5-acef-f86cd6786c1b', 'COLOR', 'Lavender', '라벤더', '2026-02-23 22:48:49', '2026-02-23 22:48:49', FALSE) ON CONFLICT (id) DO NOTHING;
INSERT INTO phone_options (id, model_id, option_type, option_value, display_label, created_at, updated_at, is_delete) VALUES ('2be9492b-b891-42e2-8db2-9e6fcafdcdba', 'c6cbd2a3-2eb6-4cb5-acef-f86cd6786c1b', 'STORAGE', '256GB', '256GB', '2026-02-23 22:48:49', '2026-02-23 22:48:49', FALSE) ON CONFLICT (id) DO NOTHING;
INSERT INTO phone_options (id, model_id, option_type, option_value, display_label, created_at, updated_at, is_delete) VALUES ('036594fa-0b7c-41e6-862b-62a36ad27761', 'c6cbd2a3-2eb6-4cb5-acef-f86cd6786c1b', 'STORAGE', '512GB', '512GB', '2026-02-23 22:48:49', '2026-02-23 22:48:49', FALSE) ON CONFLICT (id) DO NOTHING;

-- SAMSUNG Galaxy S23+
INSERT INTO phone_models (id, brand, model, released_price, released_at, created_at, updated_at, is_delete) VALUES ('7eb689da-75b6-4398-8ceb-8188b83ed591', 'SAMSUNG', 'Galaxy S23+', 1353000, '2023-02-17', '2026-02-23 22:48:49', '2026-02-23 22:48:49', FALSE) ON CONFLICT (id) DO NOTHING;
INSERT INTO phone_options (id, model_id, option_type, option_value, display_label, created_at, updated_at, is_delete) VALUES ('33321656-ce3e-4e91-acf6-64be1c9e4858', '7eb689da-75b6-4398-8ceb-8188b83ed591', 'COLOR', 'Phantom Black', '팬텀 블랙', '2026-02-23 22:48:49', '2026-02-23 22:48:49', FALSE) ON CONFLICT (id) DO NOTHING;
INSERT INTO phone_options (id, model_id, option_type, option_value, display_label, created_at, updated_at, is_delete) VALUES ('d139f63b-9770-4141-b92d-0e1ee48ae13c', '7eb689da-75b6-4398-8ceb-8188b83ed591', 'COLOR', 'Cream', '크림', '2026-02-23 22:48:49', '2026-02-23 22:48:49', FALSE) ON CONFLICT (id) DO NOTHING;
INSERT INTO phone_options (id, model_id, option_type, option_value, display_label, created_at, updated_at, is_delete) VALUES ('dcc14b9a-180c-4bcf-91a7-c4a1cd9d66b9', '7eb689da-75b6-4398-8ceb-8188b83ed591', 'COLOR', 'Green', '그린', '2026-02-23 22:48:49', '2026-02-23 22:48:49', FALSE) ON CONFLICT (id) DO NOTHING;
INSERT INTO phone_options (id, model_id, option_type, option_value, display_label, created_at, updated_at, is_delete) VALUES ('ed906d44-1697-44c2-a6d6-abaaa16a6cf5', '7eb689da-75b6-4398-8ceb-8188b83ed591', 'COLOR', 'Lavender', '라벤더', '2026-02-23 22:48:49', '2026-02-23 22:48:49', FALSE) ON CONFLICT (id) DO NOTHING;
INSERT INTO phone_options (id, model_id, option_type, option_value, display_label, created_at, updated_at, is_delete) VALUES ('e0030835-2b3b-4af5-a058-aa4c13b987bd', '7eb689da-75b6-4398-8ceb-8188b83ed591', 'STORAGE', '256GB', '256GB', '2026-02-23 22:48:49', '2026-02-23 22:48:49', FALSE) ON CONFLICT (id) DO NOTHING;
INSERT INTO phone_options (id, model_id, option_type, option_value, display_label, created_at, updated_at, is_delete) VALUES ('cb70f72f-d78b-483d-ab54-ad8b28c499d6', '7eb689da-75b6-4398-8ceb-8188b83ed591', 'STORAGE', '512GB', '512GB', '2026-02-23 22:48:49', '2026-02-23 22:48:49', FALSE) ON CONFLICT (id) DO NOTHING;

-- SAMSUNG Galaxy S23 Ultra
INSERT INTO phone_models (id, brand, model, released_price, released_at, created_at, updated_at, is_delete) VALUES ('41ff7461-c6c9-428f-a6ce-1a4939cc20e9', 'SAMSUNG', 'Galaxy S23 Ultra', 1599400, '2023-02-17', '2026-02-23 22:48:49', '2026-02-23 22:48:49', FALSE) ON CONFLICT (id) DO NOTHING;
INSERT INTO phone_options (id, model_id, option_type, option_value, display_label, created_at, updated_at, is_delete) VALUES ('315f8424-4bd1-45dd-978e-29b16cdf264d', '41ff7461-c6c9-428f-a6ce-1a4939cc20e9', 'COLOR', 'Phantom Black', '팬텀 블랙', '2026-02-23 22:48:49', '2026-02-23 22:48:49', FALSE) ON CONFLICT (id) DO NOTHING;
INSERT INTO phone_options (id, model_id, option_type, option_value, display_label, created_at, updated_at, is_delete) VALUES ('631757e3-0faa-470b-b920-fbe87b9571b4', '41ff7461-c6c9-428f-a6ce-1a4939cc20e9', 'COLOR', 'Cream', '크림', '2026-02-23 22:48:49', '2026-02-23 22:48:49', FALSE) ON CONFLICT (id) DO NOTHING;
INSERT INTO phone_options (id, model_id, option_type, option_value, display_label, created_at, updated_at, is_delete) VALUES ('b4e5792d-7036-4ca3-892c-67244fc635c7', '41ff7461-c6c9-428f-a6ce-1a4939cc20e9', 'COLOR', 'Green', '그린', '2026-02-23 22:48:49', '2026-02-23 22:48:49', FALSE) ON CONFLICT (id) DO NOTHING;
INSERT INTO phone_options (id, model_id, option_type, option_value, display_label, created_at, updated_at, is_delete) VALUES ('9b43e684-fb8b-4f2d-b1bc-1a199ad2e292', '41ff7461-c6c9-428f-a6ce-1a4939cc20e9', 'COLOR', 'Lavender', '라벤더', '2026-02-23 22:48:49', '2026-02-23 22:48:49', FALSE) ON CONFLICT (id) DO NOTHING;
INSERT INTO phone_options (id, model_id, option_type, option_value, display_label, created_at, updated_at, is_delete) VALUES ('e3ac8cab-9a89-4c62-a689-6d8c93a0a31c', '41ff7461-c6c9-428f-a6ce-1a4939cc20e9', 'STORAGE', '256GB', '256GB', '2026-02-23 22:48:49', '2026-02-23 22:48:49', FALSE) ON CONFLICT (id) DO NOTHING;
INSERT INTO phone_options (id, model_id, option_type, option_value, display_label, created_at, updated_at, is_delete) VALUES ('bf19cb05-9e23-453f-b582-d0174251540c', '41ff7461-c6c9-428f-a6ce-1a4939cc20e9', 'STORAGE', '512GB', '512GB', '2026-02-23 22:48:49', '2026-02-23 22:48:49', FALSE) ON CONFLICT (id) DO NOTHING;
INSERT INTO phone_options (id, model_id, option_type, option_value, display_label, created_at, updated_at, is_delete) VALUES ('4cb8da24-6b04-4df7-a386-4bc39996dedf', '41ff7461-c6c9-428f-a6ce-1a4939cc20e9', 'STORAGE', '1TB', '1TB', '2026-02-23 22:48:49', '2026-02-23 22:48:49', FALSE) ON CONFLICT (id) DO NOTHING;

-- SAMSUNG Galaxy S24
INSERT INTO phone_models (id, brand, model, released_price, released_at, created_at, updated_at, is_delete) VALUES ('0e066002-adc8-4550-b94a-7e2db4846a7e', 'SAMSUNG', 'Galaxy S24', 1155000, '2024-01-31', '2026-02-23 22:48:49', '2026-02-23 22:48:49', FALSE) ON CONFLICT (id) DO NOTHING;
INSERT INTO phone_options (id, model_id, option_type, option_value, display_label, created_at, updated_at, is_delete) VALUES ('fe6f1b94-73c7-40fa-a1f1-16b87142fc81', '0e066002-adc8-4550-b94a-7e2db4846a7e', 'COLOR', 'Onyx Black', '오닉스 블랙', '2026-02-23 22:48:49', '2026-02-23 22:48:49', FALSE) ON CONFLICT (id) DO NOTHING;
INSERT INTO phone_options (id, model_id, option_type, option_value, display_label, created_at, updated_at, is_delete) VALUES ('076eaf21-d789-4e99-b79b-1cf3a48bb302', '0e066002-adc8-4550-b94a-7e2db4846a7e', 'COLOR', 'Marble Gray', '마블 그레이', '2026-02-23 22:48:49', '2026-02-23 22:48:49', FALSE) ON CONFLICT (id) DO NOTHING;
INSERT INTO phone_options (id, model_id, option_type, option_value, display_label, created_at, updated_at, is_delete) VALUES ('3a52e529-b800-46cd-97ee-fbcbfb36eb3e', '0e066002-adc8-4550-b94a-7e2db4846a7e', 'COLOR', 'Cobalt Violet', '코발트 바이올렛', '2026-02-23 22:48:49', '2026-02-23 22:48:49', FALSE) ON CONFLICT (id) DO NOTHING;
INSERT INTO phone_options (id, model_id, option_type, option_value, display_label, created_at, updated_at, is_delete) VALUES ('0b89567a-2777-4243-a576-21f8c4282786', '0e066002-adc8-4550-b94a-7e2db4846a7e', 'COLOR', 'Amber Yellow', '앰버 옐로우', '2026-02-23 22:48:49', '2026-02-23 22:48:49', FALSE) ON CONFLICT (id) DO NOTHING;
INSERT INTO phone_options (id, model_id, option_type, option_value, display_label, created_at, updated_at, is_delete) VALUES ('6aa5c69f-d8eb-4601-bfd8-9d5f9dbc987d', '0e066002-adc8-4550-b94a-7e2db4846a7e', 'STORAGE', '256GB', '256GB', '2026-02-23 22:48:49', '2026-02-23 22:48:49', FALSE) ON CONFLICT (id) DO NOTHING;
INSERT INTO phone_options (id, model_id, option_type, option_value, display_label, created_at, updated_at, is_delete) VALUES ('2a39602f-6ebe-4693-a74c-34d17348628e', '0e066002-adc8-4550-b94a-7e2db4846a7e', 'STORAGE', '512GB', '512GB', '2026-02-23 22:48:49', '2026-02-23 22:48:49', FALSE) ON CONFLICT (id) DO NOTHING;

-- SAMSUNG Galaxy S24+
INSERT INTO phone_models (id, brand, model, released_price, released_at, created_at, updated_at, is_delete) VALUES ('bb66a3dc-5936-4611-9ac7-8235c8177ed1', 'SAMSUNG', 'Galaxy S24+', 1353000, '2024-01-31', '2026-02-23 22:48:49', '2026-02-23 22:48:49', FALSE) ON CONFLICT (id) DO NOTHING;
INSERT INTO phone_options (id, model_id, option_type, option_value, display_label, created_at, updated_at, is_delete) VALUES ('1613ba37-6308-425f-9661-223021a63947', 'bb66a3dc-5936-4611-9ac7-8235c8177ed1', 'COLOR', 'Onyx Black', '오닉스 블랙', '2026-02-23 22:48:49', '2026-02-23 22:48:49', FALSE) ON CONFLICT (id) DO NOTHING;
INSERT INTO phone_options (id, model_id, option_type, option_value, display_label, created_at, updated_at, is_delete) VALUES ('f50e3a82-055f-4711-92b8-e5692c00afe2', 'bb66a3dc-5936-4611-9ac7-8235c8177ed1', 'COLOR', 'Marble Gray', '마블 그레이', '2026-02-23 22:48:49', '2026-02-23 22:48:49', FALSE) ON CONFLICT (id) DO NOTHING;
INSERT INTO phone_options (id, model_id, option_type, option_value, display_label, created_at, updated_at, is_delete) VALUES ('5d12677c-22dc-4c33-bfe3-ec9e1b3fd5b5', 'bb66a3dc-5936-4611-9ac7-8235c8177ed1', 'COLOR', 'Cobalt Violet', '코발트 바이올렛', '2026-02-23 22:48:49', '2026-02-23 22:48:49', FALSE) ON CONFLICT (id) DO NOTHING;
INSERT INTO phone_options (id, model_id, option_type, option_value, display_label, created_at, updated_at, is_delete) VALUES ('c05a2638-fe20-4c26-a1dc-0f11c77a566a', 'bb66a3dc-5936-4611-9ac7-8235c8177ed1', 'COLOR', 'Amber Yellow', '앰버 옐로우', '2026-02-23 22:48:49', '2026-02-23 22:48:49', FALSE) ON CONFLICT (id) DO NOTHING;
INSERT INTO phone_options (id, model_id, option_type, option_value, display_label, created_at, updated_at, is_delete) VALUES ('24e559bc-ca00-4340-b26e-660562bee53d', 'bb66a3dc-5936-4611-9ac7-8235c8177ed1', 'STORAGE', '256GB', '256GB', '2026-02-23 22:48:49', '2026-02-23 22:48:49', FALSE) ON CONFLICT (id) DO NOTHING;
INSERT INTO phone_options (id, model_id, option_type, option_value, display_label, created_at, updated_at, is_delete) VALUES ('4ae72dda-9002-4399-a9c7-22a1bc106e7c', 'bb66a3dc-5936-4611-9ac7-8235c8177ed1', 'STORAGE', '512GB', '512GB', '2026-02-23 22:48:49', '2026-02-23 22:48:49', FALSE) ON CONFLICT (id) DO NOTHING;

-- SAMSUNG Galaxy S24 Ultra
INSERT INTO phone_models (id, brand, model, released_price, released_at, created_at, updated_at, is_delete) VALUES ('59deb4a8-fa07-4643-8884-60ab75290751', 'SAMSUNG', 'Galaxy S24 Ultra', 1698400, '2024-01-31', '2026-02-23 22:48:49', '2026-02-23 22:48:49', FALSE) ON CONFLICT (id) DO NOTHING;
INSERT INTO phone_options (id, model_id, option_type, option_value, display_label, created_at, updated_at, is_delete) VALUES ('e6e7ce84-bfe8-4de6-9d95-9478bb83f5a3', '59deb4a8-fa07-4643-8884-60ab75290751', 'COLOR', 'Titanium Black', '티타늄 블랙', '2026-02-23 22:48:49', '2026-02-23 22:48:49', FALSE) ON CONFLICT (id) DO NOTHING;
INSERT INTO phone_options (id, model_id, option_type, option_value, display_label, created_at, updated_at, is_delete) VALUES ('f1c80f4e-af7f-4342-a74a-dd525f6672f6', '59deb4a8-fa07-4643-8884-60ab75290751', 'COLOR', 'Titanium Gray', '티타늄 그레이', '2026-02-23 22:48:49', '2026-02-23 22:48:49', FALSE) ON CONFLICT (id) DO NOTHING;
INSERT INTO phone_options (id, model_id, option_type, option_value, display_label, created_at, updated_at, is_delete) VALUES ('694340bd-8938-4f1e-af78-59b0ddb24e7c', '59deb4a8-fa07-4643-8884-60ab75290751', 'COLOR', 'Titanium Violet', '티타늄 바이올렛', '2026-02-23 22:48:49', '2026-02-23 22:48:49', FALSE) ON CONFLICT (id) DO NOTHING;
INSERT INTO phone_options (id, model_id, option_type, option_value, display_label, created_at, updated_at, is_delete) VALUES ('21a3efca-74b7-43e7-a001-f7dd4f7a5054', '59deb4a8-fa07-4643-8884-60ab75290751', 'COLOR', 'Titanium Yellow', '티타늄 옐로우', '2026-02-23 22:48:49', '2026-02-23 22:48:49', FALSE) ON CONFLICT (id) DO NOTHING;
INSERT INTO phone_options (id, model_id, option_type, option_value, display_label, created_at, updated_at, is_delete) VALUES ('2de1c1b4-14d7-47bf-9eec-68f4dc75cd4f', '59deb4a8-fa07-4643-8884-60ab75290751', 'STORAGE', '256GB', '256GB', '2026-02-23 22:48:49', '2026-02-23 22:48:49', FALSE) ON CONFLICT (id) DO NOTHING;
INSERT INTO phone_options (id, model_id, option_type, option_value, display_label, created_at, updated_at, is_delete) VALUES ('297176f7-3f74-4391-aea0-459ef7c45984', '59deb4a8-fa07-4643-8884-60ab75290751', 'STORAGE', '512GB', '512GB', '2026-02-23 22:48:49', '2026-02-23 22:48:49', FALSE) ON CONFLICT (id) DO NOTHING;
INSERT INTO phone_options (id, model_id, option_type, option_value, display_label, created_at, updated_at, is_delete) VALUES ('3847e329-7300-4cf2-ad76-ef1c2413ed84', '59deb4a8-fa07-4643-8884-60ab75290751', 'STORAGE', '1TB', '1TB', '2026-02-23 22:48:49', '2026-02-23 22:48:49', FALSE) ON CONFLICT (id) DO NOTHING;

-- SAMSUNG Galaxy S24 FE
INSERT INTO phone_models (id, brand, model, released_price, released_at, created_at, updated_at, is_delete) VALUES ('9594406d-48e7-410a-b84c-eebc0d5a2a13', 'SAMSUNG', 'Galaxy S24 FE', 946000, '2024-10-03', '2026-02-23 22:48:49', '2026-02-23 22:48:49', FALSE) ON CONFLICT (id) DO NOTHING;
INSERT INTO phone_options (id, model_id, option_type, option_value, display_label, created_at, updated_at, is_delete) VALUES ('b518f5f0-b318-404c-9f23-a70ea1021b0d', '9594406d-48e7-410a-b84c-eebc0d5a2a13', 'COLOR', 'Blue', '블루', '2026-02-23 22:48:49', '2026-02-23 22:48:49', FALSE) ON CONFLICT (id) DO NOTHING;
INSERT INTO phone_options (id, model_id, option_type, option_value, display_label, created_at, updated_at, is_delete) VALUES ('ca3b870f-e63b-49f5-8f79-560eca878af5', '9594406d-48e7-410a-b84c-eebc0d5a2a13', 'COLOR', 'Black', '블랙', '2026-02-23 22:48:49', '2026-02-23 22:48:49', FALSE) ON CONFLICT (id) DO NOTHING;
INSERT INTO phone_options (id, model_id, option_type, option_value, display_label, created_at, updated_at, is_delete) VALUES ('a8ab0edf-b177-4ab7-ad9f-20a6782b060e', '9594406d-48e7-410a-b84c-eebc0d5a2a13', 'COLOR', 'Gray', '그레이', '2026-02-23 22:48:49', '2026-02-23 22:48:49', FALSE) ON CONFLICT (id) DO NOTHING;
INSERT INTO phone_options (id, model_id, option_type, option_value, display_label, created_at, updated_at, is_delete) VALUES ('883cea54-4c84-4f4a-98f7-7fa2ee3bfef9', '9594406d-48e7-410a-b84c-eebc0d5a2a13', 'COLOR', 'Mint', '민트', '2026-02-23 22:48:49', '2026-02-23 22:48:49', FALSE) ON CONFLICT (id) DO NOTHING;
INSERT INTO phone_options (id, model_id, option_type, option_value, display_label, created_at, updated_at, is_delete) VALUES ('5a45d57d-2412-43ee-a403-99e8f8c4ab24', '9594406d-48e7-410a-b84c-eebc0d5a2a13', 'COLOR', 'Yellow', '옐로우', '2026-02-23 22:48:49', '2026-02-23 22:48:49', FALSE) ON CONFLICT (id) DO NOTHING;
INSERT INTO phone_options (id, model_id, option_type, option_value, display_label, created_at, updated_at, is_delete) VALUES ('d3c1c0e7-d694-43ab-b4a1-95bd619f75fa', '9594406d-48e7-410a-b84c-eebc0d5a2a13', 'STORAGE', '128GB', '128GB', '2026-02-23 22:48:49', '2026-02-23 22:48:49', FALSE) ON CONFLICT (id) DO NOTHING;
INSERT INTO phone_options (id, model_id, option_type, option_value, display_label, created_at, updated_at, is_delete) VALUES ('50228819-87f7-423b-8f24-d49e01d5ad33', '9594406d-48e7-410a-b84c-eebc0d5a2a13', 'STORAGE', '256GB', '256GB', '2026-02-23 22:48:49', '2026-02-23 22:48:49', FALSE) ON CONFLICT (id) DO NOTHING;

-- SAMSUNG Galaxy S25
INSERT INTO phone_models (id, brand, model, released_price, released_at, created_at, updated_at, is_delete) VALUES ('cb4b0a30-3107-4435-b5da-6b07246bc7d4', 'SAMSUNG', 'Galaxy S25', 1155000, '2025-02-07', '2026-02-23 22:48:49', '2026-02-23 22:48:49', FALSE) ON CONFLICT (id) DO NOTHING;
INSERT INTO phone_options (id, model_id, option_type, option_value, display_label, created_at, updated_at, is_delete) VALUES ('4613d7ba-2a0b-4a35-b4ea-5eeda7af2043', 'cb4b0a30-3107-4435-b5da-6b07246bc7d4', 'COLOR', 'Silver Shadow', '실버 쉐도우', '2026-02-23 22:48:49', '2026-02-23 22:48:49', FALSE) ON CONFLICT (id) DO NOTHING;
INSERT INTO phone_options (id, model_id, option_type, option_value, display_label, created_at, updated_at, is_delete) VALUES ('79957f79-1fcd-4e14-a551-83d4308f9c90', 'cb4b0a30-3107-4435-b5da-6b07246bc7d4', 'COLOR', 'Navy', '네이비', '2026-02-23 22:48:49', '2026-02-23 22:48:49', FALSE) ON CONFLICT (id) DO NOTHING;
INSERT INTO phone_options (id, model_id, option_type, option_value, display_label, created_at, updated_at, is_delete) VALUES ('d81d9a7a-f32d-4ee1-9f7f-3cddd2ac1bf2', 'cb4b0a30-3107-4435-b5da-6b07246bc7d4', 'COLOR', 'Icy Blue', '아이시 블루', '2026-02-23 22:48:49', '2026-02-23 22:48:49', FALSE) ON CONFLICT (id) DO NOTHING;
INSERT INTO phone_options (id, model_id, option_type, option_value, display_label, created_at, updated_at, is_delete) VALUES ('cee62a07-da75-4939-9ebe-99b1e75f5aef', 'cb4b0a30-3107-4435-b5da-6b07246bc7d4', 'COLOR', 'Mint', '민트', '2026-02-23 22:48:49', '2026-02-23 22:48:49', FALSE) ON CONFLICT (id) DO NOTHING;
INSERT INTO phone_options (id, model_id, option_type, option_value, display_label, created_at, updated_at, is_delete) VALUES ('33344cdd-eab8-4368-b5b8-b3b801b93fda', 'cb4b0a30-3107-4435-b5da-6b07246bc7d4', 'STORAGE', '256GB', '256GB', '2026-02-23 22:48:49', '2026-02-23 22:48:49', FALSE) ON CONFLICT (id) DO NOTHING;
INSERT INTO phone_options (id, model_id, option_type, option_value, display_label, created_at, updated_at, is_delete) VALUES ('f44d8235-2090-47a7-9f79-43c45715206a', 'cb4b0a30-3107-4435-b5da-6b07246bc7d4', 'STORAGE', '512GB', '512GB', '2026-02-23 22:48:49', '2026-02-23 22:48:49', FALSE) ON CONFLICT (id) DO NOTHING;

-- SAMSUNG Galaxy S25+
INSERT INTO phone_models (id, brand, model, released_price, released_at, created_at, updated_at, is_delete) VALUES ('d448c351-d4af-4072-b709-2ce7a361e061', 'SAMSUNG', 'Galaxy S25+', 1353000, '2025-02-07', '2026-02-23 22:48:49', '2026-02-23 22:48:49', FALSE) ON CONFLICT (id) DO NOTHING;
INSERT INTO phone_options (id, model_id, option_type, option_value, display_label, created_at, updated_at, is_delete) VALUES ('432a80a0-0340-4ae1-863e-ccf548b1f316', 'd448c351-d4af-4072-b709-2ce7a361e061', 'COLOR', 'Silver Shadow', '실버 쉐도우', '2026-02-23 22:48:49', '2026-02-23 22:48:49', FALSE) ON CONFLICT (id) DO NOTHING;
INSERT INTO phone_options (id, model_id, option_type, option_value, display_label, created_at, updated_at, is_delete) VALUES ('792984c3-095a-42c8-9427-98858826f917', 'd448c351-d4af-4072-b709-2ce7a361e061', 'COLOR', 'Navy', '네이비', '2026-02-23 22:48:49', '2026-02-23 22:48:49', FALSE) ON CONFLICT (id) DO NOTHING;
INSERT INTO phone_options (id, model_id, option_type, option_value, display_label, created_at, updated_at, is_delete) VALUES ('8e1f6212-4368-4b1f-947d-8260eef771fe', 'd448c351-d4af-4072-b709-2ce7a361e061', 'COLOR', 'Icy Blue', '아이시 블루', '2026-02-23 22:48:49', '2026-02-23 22:48:49', FALSE) ON CONFLICT (id) DO NOTHING;
INSERT INTO phone_options (id, model_id, option_type, option_value, display_label, created_at, updated_at, is_delete) VALUES ('282ca5cc-f17c-4506-bece-c5b5eb0636d7', 'd448c351-d4af-4072-b709-2ce7a361e061', 'COLOR', 'Mint', '민트', '2026-02-23 22:48:49', '2026-02-23 22:48:49', FALSE) ON CONFLICT (id) DO NOTHING;
INSERT INTO phone_options (id, model_id, option_type, option_value, display_label, created_at, updated_at, is_delete) VALUES ('5fe7ec94-ab27-48e6-a53e-94bec5bd588e', 'd448c351-d4af-4072-b709-2ce7a361e061', 'STORAGE', '256GB', '256GB', '2026-02-23 22:48:49', '2026-02-23 22:48:49', FALSE) ON CONFLICT (id) DO NOTHING;
INSERT INTO phone_options (id, model_id, option_type, option_value, display_label, created_at, updated_at, is_delete) VALUES ('6ae2aa41-82ed-41f4-beb7-9db931610c3d', 'd448c351-d4af-4072-b709-2ce7a361e061', 'STORAGE', '512GB', '512GB', '2026-02-23 22:48:49', '2026-02-23 22:48:49', FALSE) ON CONFLICT (id) DO NOTHING;

-- SAMSUNG Galaxy S25 Ultra
INSERT INTO phone_models (id, brand, model, released_price, released_at, created_at, updated_at, is_delete) VALUES ('be4d71f3-ad65-4e87-a69f-a59de3ad4b14', 'SAMSUNG', 'Galaxy S25 Ultra', 1698400, '2025-02-07', '2026-02-23 22:48:49', '2026-02-23 22:48:49', FALSE) ON CONFLICT (id) DO NOTHING;
INSERT INTO phone_options (id, model_id, option_type, option_value, display_label, created_at, updated_at, is_delete) VALUES ('86f31ee2-d6e9-4246-8634-84175de05716', 'be4d71f3-ad65-4e87-a69f-a59de3ad4b14', 'COLOR', 'Titanium Silverblue', '티타늄 실버블루', '2026-02-23 22:48:49', '2026-02-23 22:48:49', FALSE) ON CONFLICT (id) DO NOTHING;
INSERT INTO phone_options (id, model_id, option_type, option_value, display_label, created_at, updated_at, is_delete) VALUES ('ab651aee-7770-437b-8338-e8ca7d3301d8', 'be4d71f3-ad65-4e87-a69f-a59de3ad4b14', 'COLOR', 'Titanium Gray', '티타늄 그레이', '2026-02-23 22:48:49', '2026-02-23 22:48:49', FALSE) ON CONFLICT (id) DO NOTHING;
INSERT INTO phone_options (id, model_id, option_type, option_value, display_label, created_at, updated_at, is_delete) VALUES ('4b08cff1-33fa-4a1b-8fff-5e389fa4313f', 'be4d71f3-ad65-4e87-a69f-a59de3ad4b14', 'COLOR', 'Titanium Black', '티타늄 블랙', '2026-02-23 22:48:49', '2026-02-23 22:48:49', FALSE) ON CONFLICT (id) DO NOTHING;
INSERT INTO phone_options (id, model_id, option_type, option_value, display_label, created_at, updated_at, is_delete) VALUES ('ffd3141a-73cc-447d-8770-e34441487b8a', 'be4d71f3-ad65-4e87-a69f-a59de3ad4b14', 'COLOR', 'Titanium Whitesilver', '티타늄 화이트실버', '2026-02-23 22:48:49', '2026-02-23 22:48:49', FALSE) ON CONFLICT (id) DO NOTHING;
INSERT INTO phone_options (id, model_id, option_type, option_value, display_label, created_at, updated_at, is_delete) VALUES ('82917cca-4f57-4be9-a16f-46c6b1666830', 'be4d71f3-ad65-4e87-a69f-a59de3ad4b14', 'STORAGE', '256GB', '256GB', '2026-02-23 22:48:49', '2026-02-23 22:48:49', FALSE) ON CONFLICT (id) DO NOTHING;
INSERT INTO phone_options (id, model_id, option_type, option_value, display_label, created_at, updated_at, is_delete) VALUES ('ec5ff38a-07e8-4d87-b31b-6e80e2cef3d0', 'be4d71f3-ad65-4e87-a69f-a59de3ad4b14', 'STORAGE', '512GB', '512GB', '2026-02-23 22:48:49', '2026-02-23 22:48:49', FALSE) ON CONFLICT (id) DO NOTHING;
INSERT INTO phone_options (id, model_id, option_type, option_value, display_label, created_at, updated_at, is_delete) VALUES ('224273d6-e2f7-4565-8427-1c229cdd6247', 'be4d71f3-ad65-4e87-a69f-a59de3ad4b14', 'STORAGE', '1TB', '1TB', '2026-02-23 22:48:49', '2026-02-23 22:48:49', FALSE) ON CONFLICT (id) DO NOTHING;

-- SAMSUNG Galaxy Z Flip5
INSERT INTO phone_models (id, brand, model, released_price, released_at, created_at, updated_at, is_delete) VALUES ('6259151a-eb29-4cbb-865f-40548be22e38', 'SAMSUNG', 'Galaxy Z Flip5', 1399200, '2023-08-11', '2026-02-23 22:48:49', '2026-02-23 22:48:49', FALSE) ON CONFLICT (id) DO NOTHING;
INSERT INTO phone_options (id, model_id, option_type, option_value, display_label, created_at, updated_at, is_delete) VALUES ('641178a1-1a61-4b13-8537-7b04d13b676f', '6259151a-eb29-4cbb-865f-40548be22e38', 'COLOR', 'Mint', '민트', '2026-02-23 22:48:49', '2026-02-23 22:48:49', FALSE) ON CONFLICT (id) DO NOTHING;
INSERT INTO phone_options (id, model_id, option_type, option_value, display_label, created_at, updated_at, is_delete) VALUES ('98b1e4af-a754-4d03-a515-637d63816d10', '6259151a-eb29-4cbb-865f-40548be22e38', 'COLOR', 'Graphite', '그라파이트', '2026-02-23 22:48:49', '2026-02-23 22:48:49', FALSE) ON CONFLICT (id) DO NOTHING;
INSERT INTO phone_options (id, model_id, option_type, option_value, display_label, created_at, updated_at, is_delete) VALUES ('cafbb771-891b-4a33-9936-1efa07f5651f', '6259151a-eb29-4cbb-865f-40548be22e38', 'COLOR', 'Cream', '크림', '2026-02-23 22:48:49', '2026-02-23 22:48:49', FALSE) ON CONFLICT (id) DO NOTHING;
INSERT INTO phone_options (id, model_id, option_type, option_value, display_label, created_at, updated_at, is_delete) VALUES ('7103dac0-735c-403b-935e-39ff85a22a37', '6259151a-eb29-4cbb-865f-40548be22e38', 'COLOR', 'Lavender', '라벤더', '2026-02-23 22:48:49', '2026-02-23 22:48:49', FALSE) ON CONFLICT (id) DO NOTHING;
INSERT INTO phone_options (id, model_id, option_type, option_value, display_label, created_at, updated_at, is_delete) VALUES ('c6c2e648-96dc-4e0f-954f-8a7f7a6a138c', '6259151a-eb29-4cbb-865f-40548be22e38', 'STORAGE', '256GB', '256GB', '2026-02-23 22:48:49', '2026-02-23 22:48:49', FALSE) ON CONFLICT (id) DO NOTHING;
INSERT INTO phone_options (id, model_id, option_type, option_value, display_label, created_at, updated_at, is_delete) VALUES ('305c961c-744c-43e1-8f66-a01866daa80e', '6259151a-eb29-4cbb-865f-40548be22e38', 'STORAGE', '512GB', '512GB', '2026-02-23 22:48:49', '2026-02-23 22:48:49', FALSE) ON CONFLICT (id) DO NOTHING;

-- SAMSUNG Galaxy Z Fold5
INSERT INTO phone_models (id, brand, model, released_price, released_at, created_at, updated_at, is_delete) VALUES ('75ff54b8-e58e-45cf-9bc4-f89f4189c379', 'SAMSUNG', 'Galaxy Z Fold5', 2097700, '2023-08-11', '2026-02-23 22:48:49', '2026-02-23 22:48:49', FALSE) ON CONFLICT (id) DO NOTHING;
INSERT INTO phone_options (id, model_id, option_type, option_value, display_label, created_at, updated_at, is_delete) VALUES ('96dfbfe1-dba2-4229-b7ed-e0d9928dc819', '75ff54b8-e58e-45cf-9bc4-f89f4189c379', 'COLOR', 'Icy Blue', '아이시 블루', '2026-02-23 22:48:49', '2026-02-23 22:48:49', FALSE) ON CONFLICT (id) DO NOTHING;
INSERT INTO phone_options (id, model_id, option_type, option_value, display_label, created_at, updated_at, is_delete) VALUES ('3a235a88-09b1-4322-96e8-565a79701e4b', '75ff54b8-e58e-45cf-9bc4-f89f4189c379', 'COLOR', 'Phantom Black', '팬텀 블랙', '2026-02-23 22:48:49', '2026-02-23 22:48:49', FALSE) ON CONFLICT (id) DO NOTHING;
INSERT INTO phone_options (id, model_id, option_type, option_value, display_label, created_at, updated_at, is_delete) VALUES ('d053728c-0cce-4547-b178-5d63643935a4', '75ff54b8-e58e-45cf-9bc4-f89f4189c379', 'COLOR', 'Cream', '크림', '2026-02-23 22:48:49', '2026-02-23 22:48:49', FALSE) ON CONFLICT (id) DO NOTHING;
INSERT INTO phone_options (id, model_id, option_type, option_value, display_label, created_at, updated_at, is_delete) VALUES ('543bc9c2-de96-409a-b7c0-eec5f258ecf4', '75ff54b8-e58e-45cf-9bc4-f89f4189c379', 'STORAGE', '256GB', '256GB', '2026-02-23 22:48:49', '2026-02-23 22:48:49', FALSE) ON CONFLICT (id) DO NOTHING;
INSERT INTO phone_options (id, model_id, option_type, option_value, display_label, created_at, updated_at, is_delete) VALUES ('2c416b0b-6aaf-41fb-9be9-c466d1716b0f', '75ff54b8-e58e-45cf-9bc4-f89f4189c379', 'STORAGE', '512GB', '512GB', '2026-02-23 22:48:49', '2026-02-23 22:48:49', FALSE) ON CONFLICT (id) DO NOTHING;
INSERT INTO phone_options (id, model_id, option_type, option_value, display_label, created_at, updated_at, is_delete) VALUES ('207f333a-9835-41a5-9935-fd97b02dd7a2', '75ff54b8-e58e-45cf-9bc4-f89f4189c379', 'STORAGE', '1TB', '1TB', '2026-02-23 22:48:49', '2026-02-23 22:48:49', FALSE) ON CONFLICT (id) DO NOTHING;

-- SAMSUNG Galaxy Z Flip6
INSERT INTO phone_models (id, brand, model, released_price, released_at, created_at, updated_at, is_delete) VALUES ('71956d26-01e4-4a2d-8740-91cb8862e9e1', 'SAMSUNG', 'Galaxy Z Flip6', 1485000, '2024-07-24', '2026-02-23 22:48:49', '2026-02-23 22:48:49', FALSE) ON CONFLICT (id) DO NOTHING;
INSERT INTO phone_options (id, model_id, option_type, option_value, display_label, created_at, updated_at, is_delete) VALUES ('6652c8b3-878d-44c5-b7be-70428aa9edee', '71956d26-01e4-4a2d-8740-91cb8862e9e1', 'COLOR', 'Silver Shadow', '실버 쉐도우', '2026-02-23 22:48:49', '2026-02-23 22:48:49', FALSE) ON CONFLICT (id) DO NOTHING;
INSERT INTO phone_options (id, model_id, option_type, option_value, display_label, created_at, updated_at, is_delete) VALUES ('a553901a-922f-488f-b644-123967ea2ba5', '71956d26-01e4-4a2d-8740-91cb8862e9e1', 'COLOR', 'Yellow', '옐로우', '2026-02-23 22:48:49', '2026-02-23 22:48:49', FALSE) ON CONFLICT (id) DO NOTHING;
INSERT INTO phone_options (id, model_id, option_type, option_value, display_label, created_at, updated_at, is_delete) VALUES ('e9600e94-d357-423c-b3db-885ef096f2c9', '71956d26-01e4-4a2d-8740-91cb8862e9e1', 'COLOR', 'Blue', '블루', '2026-02-23 22:48:49', '2026-02-23 22:48:49', FALSE) ON CONFLICT (id) DO NOTHING;
INSERT INTO phone_options (id, model_id, option_type, option_value, display_label, created_at, updated_at, is_delete) VALUES ('739fbfbf-2791-438d-8ec2-a7c57e1ce8a5', '71956d26-01e4-4a2d-8740-91cb8862e9e1', 'COLOR', 'Mint', '민트', '2026-02-23 22:48:49', '2026-02-23 22:48:49', FALSE) ON CONFLICT (id) DO NOTHING;
INSERT INTO phone_options (id, model_id, option_type, option_value, display_label, created_at, updated_at, is_delete) VALUES ('01d95da7-5db3-4ed9-9f65-60dc294aa5cb', '71956d26-01e4-4a2d-8740-91cb8862e9e1', 'STORAGE', '256GB', '256GB', '2026-02-23 22:48:49', '2026-02-23 22:48:49', FALSE) ON CONFLICT (id) DO NOTHING;
INSERT INTO phone_options (id, model_id, option_type, option_value, display_label, created_at, updated_at, is_delete) VALUES ('a4ba50e3-991c-45ab-9a99-5527d11a3c3c', '71956d26-01e4-4a2d-8740-91cb8862e9e1', 'STORAGE', '512GB', '512GB', '2026-02-23 22:48:49', '2026-02-23 22:48:49', FALSE) ON CONFLICT (id) DO NOTHING;

-- SAMSUNG Galaxy Z Fold6
INSERT INTO phone_models (id, brand, model, released_price, released_at, created_at, updated_at, is_delete) VALUES ('c614c39f-eabc-489f-a4db-8f3051621904', 'SAMSUNG', 'Galaxy Z Fold6', 2229700, '2024-07-24', '2026-02-23 22:48:49', '2026-02-23 22:48:49', FALSE) ON CONFLICT (id) DO NOTHING;
INSERT INTO phone_options (id, model_id, option_type, option_value, display_label, created_at, updated_at, is_delete) VALUES ('2770c348-4693-4381-8cfd-02e4f8717e9e', 'c614c39f-eabc-489f-a4db-8f3051621904', 'COLOR', 'Silver Shadow', '실버 쉐도우', '2026-02-23 22:48:49', '2026-02-23 22:48:49', FALSE) ON CONFLICT (id) DO NOTHING;
INSERT INTO phone_options (id, model_id, option_type, option_value, display_label, created_at, updated_at, is_delete) VALUES ('a562ba65-1616-4f95-9441-cfecefa25700', 'c614c39f-eabc-489f-a4db-8f3051621904', 'COLOR', 'Pink', '핑크', '2026-02-23 22:48:49', '2026-02-23 22:48:49', FALSE) ON CONFLICT (id) DO NOTHING;
INSERT INTO phone_options (id, model_id, option_type, option_value, display_label, created_at, updated_at, is_delete) VALUES ('bf1e1abd-1916-4d9f-85e9-7ed9de973090', 'c614c39f-eabc-489f-a4db-8f3051621904', 'COLOR', 'Navy', '네이비', '2026-02-23 22:48:49', '2026-02-23 22:48:49', FALSE) ON CONFLICT (id) DO NOTHING;
INSERT INTO phone_options (id, model_id, option_type, option_value, display_label, created_at, updated_at, is_delete) VALUES ('f7e86b89-7f52-4ba2-bb64-81231fdc47af', 'c614c39f-eabc-489f-a4db-8f3051621904', 'STORAGE', '256GB', '256GB', '2026-02-23 22:48:49', '2026-02-23 22:48:49', FALSE) ON CONFLICT (id) DO NOTHING;
INSERT INTO phone_options (id, model_id, option_type, option_value, display_label, created_at, updated_at, is_delete) VALUES ('b443b32b-bcd5-4f1f-9fe4-5fe59e5e280c', 'c614c39f-eabc-489f-a4db-8f3051621904', 'STORAGE', '512GB', '512GB', '2026-02-23 22:48:49', '2026-02-23 22:48:49', FALSE) ON CONFLICT (id) DO NOTHING;
INSERT INTO phone_options (id, model_id, option_type, option_value, display_label, created_at, updated_at, is_delete) VALUES ('717a1f98-929c-42a2-b457-1993c5848a97', 'c614c39f-eabc-489f-a4db-8f3051621904', 'STORAGE', '1TB', '1TB', '2026-02-23 22:48:49', '2026-02-23 22:48:49', FALSE) ON CONFLICT (id) DO NOTHING;

-- ========================================================================
-- Dummy data for local development (user/admin/seller + quote/bid)
-- ========================================================================

-- Users
INSERT INTO users (id, username, password, email, name, nickname, phone, role, provider, provider_id, profile_image_url, created_at, updated_at, is_delete)
VALUES ('f0f0a111-1111-4111-8111-111111111111', 'seed_user_20260308', '$2a$10$7eqJtq98hPqEX7fNZaFWoO.HVQ5fD4QnQeNf5f7dI4A4A4A4A4A4O', 'seed.user.20260308@phonebid.local', '홍소비', '소비자샘플', '01012345678', 'CONSUMER', NULL, NULL, NULL, '2026-03-08 10:00:00', '2026-03-08 10:00:00', FALSE)
ON CONFLICT (id) DO NOTHING;

INSERT INTO users (id, username, password, email, name, nickname, phone, role, provider, provider_id, profile_image_url, created_at, updated_at, is_delete)
VALUES ('f0f0a222-2222-4222-8222-222222222222', 'seed_admin_20260308', '$2a$10$7eqJtq98hPqEX7fNZaFWoO.HVQ5fD4QnQeNf5f7dI4A4A4A4A4A4O', 'seed.admin.20260308@phonebid.local', '김관리', '관리자샘플', '01023456789', 'ADMIN', NULL, NULL, NULL, '2026-03-08 10:00:00', '2026-03-08 10:00:00', FALSE)
ON CONFLICT (id) DO NOTHING;

INSERT INTO users (id, username, password, email, name, nickname, phone, role, provider, provider_id, profile_image_url, created_at, updated_at, is_delete)
VALUES ('f0f0a333-3333-4333-8333-333333333333', 'seed_seller_a_20260308', '$2a$10$7eqJtq98hPqEX7fNZaFWoO.HVQ5fD4QnQeNf5f7dI4A4A4A4A4A4O', 'seed.seller.a.20260308@phonebid.local', '박판매', '판매자A', '01034567890', 'SELLER', NULL, NULL, NULL, '2026-03-08 10:00:00', '2026-03-08 10:00:00', FALSE)
ON CONFLICT (id) DO NOTHING;

INSERT INTO users (id, username, password, email, name, nickname, phone, role, provider, provider_id, profile_image_url, created_at, updated_at, is_delete)
VALUES ('f0f0a444-4444-4444-8444-444444444444', 'seed_seller_b_20260308', '$2a$10$7eqJtq98hPqEX7fNZaFWoO.HVQ5fD4QnQeNf5f7dI4A4A4A4A4A4O', 'seed.seller.b.20260308@phonebid.local', '이판매', '판매자B', '01045678901', 'SELLER', NULL, NULL, NULL, '2026-03-08 10:00:00', '2026-03-08 10:00:00', FALSE)
ON CONFLICT (id) DO NOTHING;

INSERT INTO users (id, username, password, email, name, nickname, phone, role, provider, provider_id, profile_image_url, created_at, updated_at, is_delete)
VALUES ('f0f0a555-5555-4555-8555-555555555555', 'seller1', '$2b$10$.Jm8hl1MzLyeKg0R7LbscOBgvRxR7t310WSR0NQSTX40den2J5L.S', 'seller1@phonebid.local', '테스트판매자', '판매자1', '01055555555', 'SELLER', NULL, NULL, NULL, '2026-03-08 10:00:00', '2026-03-08 10:00:00', FALSE)
ON CONFLICT (id) DO UPDATE SET password = '$2b$10$.Jm8hl1MzLyeKg0R7LbscOBgvRxR7t310WSR0NQSTX40den2J5L.S';

-- Sellers
INSERT INTO sellers (seller_id, user_id, business_number, store_name, approval_status, postal_code, address, detail_address, is_agent, representative_name, business_postal_code, business_address, business_detail_address, consent_number, customer_service_phone, created_at, updated_at, is_delete)
VALUES ('a1b2c311-1111-4111-8111-111111111111', 'f0f0a333-3333-4333-8333-333333333333', '123-45-67890', '폰비드 강남점', 'APPROVED', '06234', '서울 강남구 테헤란로 1', '101호', TRUE, '박판매', '06234', '서울 강남구 테헤란로 1', '101호', 'CN-2026-SELLER-A', '0212345678', '2026-03-08 10:00:00', '2026-03-08 10:00:00', FALSE)
ON CONFLICT (seller_id) DO NOTHING;

INSERT INTO sellers (seller_id, user_id, business_number, store_name, approval_status, postal_code, address, detail_address, is_agent, representative_name, business_postal_code, business_address, business_detail_address, consent_number, customer_service_phone, created_at, updated_at, is_delete)
VALUES ('a1b2c322-2222-4222-8222-222222222222', 'f0f0a444-4444-4444-8444-444444444444', '234-56-78901', '폰비드 마포점', 'APPROVED', '04123', '서울 마포구 월드컵북로 2', '202호', FALSE, '이판매', '04123', '서울 마포구 월드컵북로 2', '202호', 'CN-2026-SELLER-B', '0298765432', '2026-03-08 10:00:00', '2026-03-08 10:00:00', FALSE)
ON CONFLICT (seller_id) DO NOTHING;

INSERT INTO sellers (seller_id, user_id, business_number, store_name, approval_status, postal_code, address, detail_address, is_agent, representative_name, business_postal_code, business_address, business_detail_address, consent_number, customer_service_phone, created_at, updated_at, is_delete)
VALUES ('a1b2c333-3333-4333-8333-333333333333', 'f0f0a555-5555-4555-8555-555555555555', '345-67-89012', '테스트 판매점', 'APPROVED', '12345', '서울 종로구 종로 1', '301호', TRUE, '테스트판매자', '12345', '서울 종로구 종로 1', '301호', 'CN-2026-SELLER-TEST', '0211112222', '2026-03-08 10:00:00', '2026-03-08 10:00:00', FALSE)
ON CONFLICT (seller_id) DO NOTHING;

-- Quotes (consumer requests)
INSERT INTO quotes (id, user_id, phone_model_id, storage, color, carrier, status, expired_at, purchase_method, current_carrier, activation_method, created_at, updated_at, is_delete)
VALUES ('b1c2d311-1111-4111-8111-111111111111', 'f0f0a111-1111-4111-8111-111111111111', '91bfa9bc-97f8-4093-acd9-749356415499', '667ac51a-e969-4c82-b0c3-13dc3d4d0de6', 'e61714f3-6200-4631-ab9c-bb429f5b9cc9', 'SKT', 'OPEN', '2030-12-31 23:59:59', 'NUMBER_TRANSFER', 'KT', 'SELECTIVE_SUBSIDY', '2026-03-08 10:00:00', '2026-03-08 10:00:00', FALSE)
ON CONFLICT (id) DO NOTHING;

INSERT INTO quotes (id, user_id, phone_model_id, storage, color, carrier, status, expired_at, purchase_method, current_carrier, activation_method, created_at, updated_at, is_delete)
VALUES ('b1c2d322-2222-4222-8222-222222222222', 'f0f0a111-1111-4111-8111-111111111111', 'cb4b0a30-3107-4435-b5da-6b07246bc7d4', '33344cdd-eab8-4368-b5b8-b3b801b93fda', '79957f79-1fcd-4e14-a551-83d4308f9c90', 'ANY', 'OPEN', '2030-12-31 23:59:59', 'ANY', NULL, 'ANY', '2026-03-08 10:00:00', '2026-03-08 10:00:00', FALSE)
ON CONFLICT (id) DO NOTHING;

-- ========================================================================
-- Price Plans Master Data (신규 스키마 기반)
-- ========================================================================

-- SKT 5G 요금제
INSERT INTO price_plans (id, carrier, category, plan_name, monthly_fee, data_allowance_text, throttle_speed_text, voice_sms_text, is_active, display_order, created_at, updated_at, is_delete)
VALUES ('a1000001-0001-5001-8000-000000000001', 'SKT', 'FIVE_G', '5GX 플래티넘', 125000, '무제한', '-', '집/이동전화 무제한', TRUE, 1, NOW(), NOW(), FALSE) ON CONFLICT (id) DO NOTHING;
INSERT INTO price_plans (id, carrier, category, plan_name, monthly_fee, data_allowance_text, throttle_speed_text, voice_sms_text, is_active, display_order, created_at, updated_at, is_delete)
VALUES ('a1000002-0001-5001-8000-000000000002', 'SKT', 'FIVE_G', '0 청년 109', 109000, '무제한', '-', '집/이동전화 무제한', TRUE, 2, NOW(), NOW(), FALSE) ON CONFLICT (id) DO NOTHING;
INSERT INTO price_plans (id, carrier, category, plan_name, monthly_fee, data_allowance_text, throttle_speed_text, voice_sms_text, is_active, display_order, created_at, updated_at, is_delete)
VALUES ('a1000003-0001-5001-8000-000000000003', 'SKT', 'FIVE_G', '5GX 프리미엄', 109000, '무제한', '-', '집/이동전화 무제한', TRUE, 3, NOW(), NOW(), FALSE) ON CONFLICT (id) DO NOTHING;
INSERT INTO price_plans (id, carrier, category, plan_name, monthly_fee, data_allowance_text, throttle_speed_text, voice_sms_text, is_active, display_order, created_at, updated_at, is_delete)
VALUES ('a1000004-0001-5001-8000-000000000004', 'SKT', 'FIVE_G', '0 청년 99', 99000, '무제한', '-', '집/이동전화 무제한', TRUE, 4, NOW(), NOW(), FALSE) ON CONFLICT (id) DO NOTHING;
INSERT INTO price_plans (id, carrier, category, plan_name, monthly_fee, data_allowance_text, throttle_speed_text, voice_sms_text, is_active, display_order, created_at, updated_at, is_delete)
VALUES ('a1000005-0001-5001-8000-000000000005', 'SKT', 'FIVE_G', '5GX 프라임플러스', 99000, '무제한', '-', '집/이동전화 무제한', TRUE, 5, NOW(), NOW(), FALSE) ON CONFLICT (id) DO NOTHING;
INSERT INTO price_plans (id, carrier, category, plan_name, monthly_fee, data_allowance_text, throttle_speed_text, voice_sms_text, is_active, display_order, created_at, updated_at, is_delete)
VALUES ('a1000006-0001-5001-8000-000000000006', 'SKT', 'FIVE_G', '0 청년 89', 89000, '무제한', '-', '집/이동전화 무제한', TRUE, 6, NOW(), NOW(), FALSE) ON CONFLICT (id) DO NOTHING;
INSERT INTO price_plans (id, carrier, category, plan_name, monthly_fee, data_allowance_text, throttle_speed_text, voice_sms_text, is_active, display_order, created_at, updated_at, is_delete)
VALUES ('a1000007-0001-5001-8000-000000000007', 'SKT', 'FIVE_G', '5GX 프라임', 89000, '무제한', '-', '집/이동전화 무제한', TRUE, 7, NOW(), NOW(), FALSE) ON CONFLICT (id) DO NOTHING;
INSERT INTO price_plans (id, carrier, category, plan_name, monthly_fee, data_allowance_text, throttle_speed_text, voice_sms_text, is_active, display_order, created_at, updated_at, is_delete)
VALUES ('a1000008-0001-5001-8000-000000000008', 'SKT', 'FIVE_G', '0 청년 79', 79000, '300GB', '5Mbps', '집/이동전화 무제한', TRUE, 8, NOW(), NOW(), FALSE) ON CONFLICT (id) DO NOTHING;
INSERT INTO price_plans (id, carrier, category, plan_name, monthly_fee, data_allowance_text, throttle_speed_text, voice_sms_text, is_active, display_order, created_at, updated_at, is_delete)
VALUES ('a1000009-0001-5001-8000-000000000009', 'SKT', 'FIVE_G', '5GX 레귤러플러스', 79000, '250GB', '5Mbps', '집/이동전화 무제한', TRUE, 9, NOW(), NOW(), FALSE) ON CONFLICT (id) DO NOTHING;
INSERT INTO price_plans (id, carrier, category, plan_name, monthly_fee, data_allowance_text, throttle_speed_text, voice_sms_text, is_active, display_order, created_at, updated_at, is_delete)
VALUES ('a1000010-0001-5001-8000-000000000010', 'SKT', 'FIVE_G', '다이렉트5G 76', 76000, '무제한', '-', '집/이동전화 무제한', TRUE, 10, NOW(), NOW(), FALSE) ON CONFLICT (id) DO NOTHING;
INSERT INTO price_plans (id, carrier, category, plan_name, monthly_fee, data_allowance_text, throttle_speed_text, voice_sms_text, is_active, display_order, created_at, updated_at, is_delete)
VALUES ('a1000011-0001-5001-8000-000000000011', 'SKT', 'FIVE_G', '0 청년 다이렉트 69', 69000, '무제한', '-', '집/이동전화 무제한', TRUE, 11, NOW(), NOW(), FALSE) ON CONFLICT (id) DO NOTHING;
INSERT INTO price_plans (id, carrier, category, plan_name, monthly_fee, data_allowance_text, throttle_speed_text, voice_sms_text, is_active, display_order, created_at, updated_at, is_delete)
VALUES ('a1000012-0001-5001-8000-000000000012', 'SKT', 'FIVE_G', '다이렉트5G 69', 69000, '무제한', '-', '집/이동전화 무제한', TRUE, 12, NOW(), NOW(), FALSE) ON CONFLICT (id) DO NOTHING;
INSERT INTO price_plans (id, carrier, category, plan_name, monthly_fee, data_allowance_text, throttle_speed_text, voice_sms_text, is_active, display_order, created_at, updated_at, is_delete)
VALUES ('a1000013-0001-5001-8000-000000000013', 'SKT', 'FIVE_G', '5G 행복누리 레귤러', 69000, '110GB', '5Mbps', '집/이동전화 무제한', TRUE, 13, NOW(), NOW(), FALSE) ON CONFLICT (id) DO NOTHING;
INSERT INTO price_plans (id, carrier, category, plan_name, monthly_fee, data_allowance_text, throttle_speed_text, voice_sms_text, is_active, display_order, created_at, updated_at, is_delete)
VALUES ('a1000014-0001-5001-8000-000000000014', 'SKT', 'FIVE_G', '0 청년 69', 69000, '160GB', '5Mbps', '집/이동전화 무제한', TRUE, 14, NOW(), NOW(), FALSE) ON CONFLICT (id) DO NOTHING;
INSERT INTO price_plans (id, carrier, category, plan_name, monthly_fee, data_allowance_text, throttle_speed_text, voice_sms_text, is_active, display_order, created_at, updated_at, is_delete)
VALUES ('a1000015-0001-5001-8000-000000000015', 'SKT', 'FIVE_G', '5GX 레귤러', 69000, '110GB', '5Mbps', '집/이동전화 무제한', TRUE, 15, NOW(), NOW(), FALSE) ON CONFLICT (id) DO NOTHING;
INSERT INTO price_plans (id, carrier, category, plan_name, monthly_fee, data_allowance_text, throttle_speed_text, voice_sms_text, is_active, display_order, created_at, updated_at, is_delete)
VALUES ('a1000016-0001-5001-8000-000000000016', 'SKT', 'FIVE_G', '슬림', 55000, '15GB', '1Mbps', '집/이동전화 무제한', TRUE, 16, NOW(), NOW(), FALSE) ON CONFLICT (id) DO NOTHING;

-- KT 5G 요금제
INSERT INTO price_plans (id, carrier, category, plan_name, monthly_fee, data_allowance_text, throttle_speed_text, voice_sms_text, is_active, display_order, created_at, updated_at, is_delete)
VALUES ('b1000001-0002-5001-8000-000000000001', 'KT', 'FIVE_G', '5G 초이스 프리미엄', 130000, '무제한', '-', '집/이동전화 무제한', TRUE, 1, NOW(), NOW(), FALSE) ON CONFLICT (id) DO NOTHING;
INSERT INTO price_plans (id, carrier, category, plan_name, monthly_fee, data_allowance_text, throttle_speed_text, voice_sms_text, is_active, display_order, created_at, updated_at, is_delete)
VALUES ('b1000002-0002-5001-8000-000000000002', 'KT', 'FIVE_G', '5G 초이스 스페셜', 110000, '무제한', '-', '집/이동전화 무제한', TRUE, 2, NOW(), NOW(), FALSE) ON CONFLICT (id) DO NOTHING;
INSERT INTO price_plans (id, carrier, category, plan_name, monthly_fee, data_allowance_text, throttle_speed_text, voice_sms_text, is_active, display_order, created_at, updated_at, is_delete)
VALUES ('b1000003-0002-5001-8000-000000000003', 'KT', 'FIVE_G', '5G 초이스 베이직', 90000, '무제한', '-', '집/이동전화 무제한', TRUE, 3, NOW(), NOW(), FALSE) ON CONFLICT (id) DO NOTHING;
INSERT INTO price_plans (id, carrier, category, plan_name, monthly_fee, data_allowance_text, throttle_speed_text, voice_sms_text, is_active, display_order, created_at, updated_at, is_delete)
VALUES ('b1000004-0002-5001-8000-000000000004', 'KT', 'FIVE_G', '5G 스페셜', 100000, '무제한', '-', '집/이동전화 무제한', TRUE, 4, NOW(), NOW(), FALSE) ON CONFLICT (id) DO NOTHING;
INSERT INTO price_plans (id, carrier, category, plan_name, monthly_fee, data_allowance_text, throttle_speed_text, voice_sms_text, is_active, display_order, created_at, updated_at, is_delete)
VALUES ('b1000005-0002-5001-8000-000000000005', 'KT', 'FIVE_G', '5G 스페셜 Y', 100000, '무제한', '-', '집/이동전화 무제한', TRUE, 5, NOW(), NOW(), FALSE) ON CONFLICT (id) DO NOTHING;
INSERT INTO price_plans (id, carrier, category, plan_name, monthly_fee, data_allowance_text, throttle_speed_text, voice_sms_text, is_active, display_order, created_at, updated_at, is_delete)
VALUES ('b1000006-0002-5001-8000-000000000006', 'KT', 'FIVE_G', '5G 베이직', 80000, '무제한', '-', '집/이동전화 무제한', TRUE, 6, NOW(), NOW(), FALSE) ON CONFLICT (id) DO NOTHING;
INSERT INTO price_plans (id, carrier, category, plan_name, monthly_fee, data_allowance_text, throttle_speed_text, voice_sms_text, is_active, display_order, created_at, updated_at, is_delete)
VALUES ('b1000007-0002-5001-8000-000000000007', 'KT', 'FIVE_G', '5G 베이직 Y', 80000, '무제한', '-', '집/이동전화 무제한', TRUE, 7, NOW(), NOW(), FALSE) ON CONFLICT (id) DO NOTHING;
INSERT INTO price_plans (id, carrier, category, plan_name, monthly_fee, data_allowance_text, throttle_speed_text, voice_sms_text, is_active, display_order, created_at, updated_at, is_delete)
VALUES ('b1000008-0002-5001-8000-000000000008', 'KT', 'FIVE_G', '5G 심플 110GB', 69000, '110GB', '5Mbps', '집/이동전화 무제한', TRUE, 8, NOW(), NOW(), FALSE) ON CONFLICT (id) DO NOTHING;
INSERT INTO price_plans (id, carrier, category, plan_name, monthly_fee, data_allowance_text, throttle_speed_text, voice_sms_text, is_active, display_order, created_at, updated_at, is_delete)
VALUES ('b1000009-0002-5001-8000-000000000009', 'KT', 'FIVE_G', '5G 심플 90GB', 67000, '90GB', '1Mbps', '집/이동전화 무제한', TRUE, 9, NOW(), NOW(), FALSE) ON CONFLICT (id) DO NOTHING;
INSERT INTO price_plans (id, carrier, category, plan_name, monthly_fee, data_allowance_text, throttle_speed_text, voice_sms_text, is_active, display_order, created_at, updated_at, is_delete)
VALUES ('b1000010-0002-5001-8000-000000000010', 'KT', 'FIVE_G', '5G 심플 70GB', 65000, '70GB', '1Mbps', '집/이동전화 무제한', TRUE, 10, NOW(), NOW(), FALSE) ON CONFLICT (id) DO NOTHING;
INSERT INTO price_plans (id, carrier, category, plan_name, monthly_fee, data_allowance_text, throttle_speed_text, voice_sms_text, is_active, display_order, created_at, updated_at, is_delete)
VALUES ('b1000011-0002-5001-8000-000000000011', 'KT', 'FIVE_G', '5G 심플 50GB', 63000, '50GB', '1Mbps', '집/이동전화 무제한', TRUE, 11, NOW(), NOW(), FALSE) ON CONFLICT (id) DO NOTHING;
INSERT INTO price_plans (id, carrier, category, plan_name, monthly_fee, data_allowance_text, throttle_speed_text, voice_sms_text, is_active, display_order, created_at, updated_at, is_delete)
VALUES ('b1000012-0002-5001-8000-000000000012', 'KT', 'FIVE_G', '5G 심플 30GB', 61000, '30GB', '1Mbps', '집/이동전화 무제한', TRUE, 12, NOW(), NOW(), FALSE) ON CONFLICT (id) DO NOTHING;
INSERT INTO price_plans (id, carrier, category, plan_name, monthly_fee, data_allowance_text, throttle_speed_text, voice_sms_text, is_active, display_order, created_at, updated_at, is_delete)
VALUES ('b1000013-0002-5001-8000-000000000013', 'KT', 'FIVE_G', '5G 슬림 21GB', 58000, '21GB', '1Mbps', '집/이동전화 무제한', TRUE, 13, NOW(), NOW(), FALSE) ON CONFLICT (id) DO NOTHING;
INSERT INTO price_plans (id, carrier, category, plan_name, monthly_fee, data_allowance_text, throttle_speed_text, voice_sms_text, is_active, display_order, created_at, updated_at, is_delete)
VALUES ('b1000014-0002-5001-8000-000000000014', 'KT', 'FIVE_G', '5G 슬림 14GB', 55000, '14GB', '1Mbps', '집/이동전화 무제한', TRUE, 14, NOW(), NOW(), FALSE) ON CONFLICT (id) DO NOTHING;
INSERT INTO price_plans (id, carrier, category, plan_name, monthly_fee, data_allowance_text, throttle_speed_text, voice_sms_text, is_active, display_order, created_at, updated_at, is_delete)
VALUES ('b1000015-0002-5001-8000-000000000015', 'KT', 'FIVE_G', '5G 슬림 Y', 55000, '14GB', '1Mbps', '집/이동전화 무제한', TRUE, 15, NOW(), NOW(), FALSE) ON CONFLICT (id) DO NOTHING;
INSERT INTO price_plans (id, carrier, category, plan_name, monthly_fee, data_allowance_text, throttle_speed_text, voice_sms_text, is_active, display_order, created_at, updated_at, is_delete)
VALUES ('b1000016-0002-5001-8000-000000000016', 'KT', 'FIVE_G', '5G 슬림 10GB', 50000, '10GB', '400Kbps', '집/이동전화 무제한', TRUE, 16, NOW(), NOW(), FALSE) ON CONFLICT (id) DO NOTHING;
INSERT INTO price_plans (id, carrier, category, plan_name, monthly_fee, data_allowance_text, throttle_speed_text, voice_sms_text, is_active, display_order, created_at, updated_at, is_delete)
VALUES ('b1000017-0002-5001-8000-000000000017', 'KT', 'FIVE_G', '5G 슬림 4GB', 45000, '4GB', '400Kbps', '집/이동전화 무제한', TRUE, 17, NOW(), NOW(), FALSE) ON CONFLICT (id) DO NOTHING;
INSERT INTO price_plans (id, carrier, category, plan_name, monthly_fee, data_allowance_text, throttle_speed_text, voice_sms_text, is_active, display_order, created_at, updated_at, is_delete)
VALUES ('b1000018-0002-5001-8000-000000000018', 'KT', 'FIVE_G', '5G 슬림 라이트', 37000, '10GB', '1Mbps', '집/이동전화 무제한', TRUE, 18, NOW(), NOW(), FALSE) ON CONFLICT (id) DO NOTHING;

-- LGU+ 5G 요금제
INSERT INTO price_plans (id, carrier, category, plan_name, monthly_fee, data_allowance_text, throttle_speed_text, voice_sms_text, is_active, display_order, created_at, updated_at, is_delete)
VALUES ('c1000001-0003-5001-8000-000000000001', 'LGU', 'FIVE_G', '5G 시그니처', 130000, '무제한', '-', '집/이동전화 무제한', TRUE, 1, NOW(), NOW(), FALSE) ON CONFLICT (id) DO NOTHING;
INSERT INTO price_plans (id, carrier, category, plan_name, monthly_fee, data_allowance_text, throttle_speed_text, voice_sms_text, is_active, display_order, created_at, updated_at, is_delete)
VALUES ('c1000002-0003-5001-8000-000000000002', 'LGU', 'FIVE_G', '5G 프리미어 슈퍼', 115000, '무제한', '-', '집/이동전화 무제한', TRUE, 2, NOW(), NOW(), FALSE) ON CONFLICT (id) DO NOTHING;
INSERT INTO price_plans (id, carrier, category, plan_name, monthly_fee, data_allowance_text, throttle_speed_text, voice_sms_text, is_active, display_order, created_at, updated_at, is_delete)
VALUES ('c1000003-0003-5001-8000-000000000003', 'LGU', 'FIVE_G', '5G 프리미어 플러스', 105000, '무제한', '-', '집/이동전화 무제한', TRUE, 3, NOW(), NOW(), FALSE) ON CONFLICT (id) DO NOTHING;
INSERT INTO price_plans (id, carrier, category, plan_name, monthly_fee, data_allowance_text, throttle_speed_text, voice_sms_text, is_active, display_order, created_at, updated_at, is_delete)
VALUES ('c1000004-0003-5001-8000-000000000004', 'LGU', 'FIVE_G', '5G 프리미어 레귤러', 95000, '무제한', '-', '집/이동전화 무제한', TRUE, 4, NOW(), NOW(), FALSE) ON CONFLICT (id) DO NOTHING;
INSERT INTO price_plans (id, carrier, category, plan_name, monthly_fee, data_allowance_text, throttle_speed_text, voice_sms_text, is_active, display_order, created_at, updated_at, is_delete)
VALUES ('c1000005-0003-5001-8000-000000000005', 'LGU', 'FIVE_G', '5G 프리미어 에센셜', 85000, '무제한', '-', '집/이동전화 무제한', TRUE, 5, NOW(), NOW(), FALSE) ON CONFLICT (id) DO NOTHING;
INSERT INTO price_plans (id, carrier, category, plan_name, monthly_fee, data_allowance_text, throttle_speed_text, voice_sms_text, is_active, display_order, created_at, updated_at, is_delete)
VALUES ('c1000006-0003-5001-8000-000000000006', 'LGU', 'FIVE_G', '5G 스탠다드', 75000, '150GB', '5Mbps', '집/이동전화 무제한', TRUE, 6, NOW(), NOW(), FALSE) ON CONFLICT (id) DO NOTHING;
INSERT INTO price_plans (id, carrier, category, plan_name, monthly_fee, data_allowance_text, throttle_speed_text, voice_sms_text, is_active, display_order, created_at, updated_at, is_delete)
VALUES ('c1000007-0003-5001-8000-000000000007', 'LGU', 'FIVE_G', '5G 스탠다드 에센셜', 70000, '125GB', '5Mbps', '집/이동전화 무제한', TRUE, 7, NOW(), NOW(), FALSE) ON CONFLICT (id) DO NOTHING;
INSERT INTO price_plans (id, carrier, category, plan_name, monthly_fee, data_allowance_text, throttle_speed_text, voice_sms_text, is_active, display_order, created_at, updated_at, is_delete)
VALUES ('c1000008-0003-5001-8000-000000000008', 'LGU', 'FIVE_G', '5G 데이터 레귤러', 63000, '50GB', '1Mbps', '집/이동전화 무제한', TRUE, 8, NOW(), NOW(), FALSE) ON CONFLICT (id) DO NOTHING;
INSERT INTO price_plans (id, carrier, category, plan_name, monthly_fee, data_allowance_text, throttle_speed_text, voice_sms_text, is_active, display_order, created_at, updated_at, is_delete)
VALUES ('c1000009-0003-5001-8000-000000000009', 'LGU', 'FIVE_G', '5G 라이트+', 55000, '14GB', '1Mbps', '집/이동전화 무제한', TRUE, 9, NOW(), NOW(), FALSE) ON CONFLICT (id) DO NOTHING;

-- LGU+ LTE 요금제
INSERT INTO price_plans (id, carrier, category, plan_name, monthly_fee, data_allowance_text, throttle_speed_text, voice_sms_text, is_active, display_order, created_at, updated_at, is_delete)
VALUES ('d1000001-0004-5001-8000-000000000001', 'LGU', 'LTE', 'LTE 프리미어 플러스', 105000, '무제한', '-', '집/이동전화 무제한', TRUE, 1, NOW(), NOW(), FALSE) ON CONFLICT (id) DO NOTHING;
INSERT INTO price_plans (id, carrier, category, plan_name, monthly_fee, data_allowance_text, throttle_speed_text, voice_sms_text, is_active, display_order, created_at, updated_at, is_delete)
VALUES ('d1000002-0004-5001-8000-000000000002', 'LGU', 'LTE', '추가요금 걱정없는 69', 69000, '매일 5GB', '5Mbps', '집/이동전화 무제한', TRUE, 2, NOW(), NOW(), FALSE) ON CONFLICT (id) DO NOTHING;
INSERT INTO price_plans (id, carrier, category, plan_name, monthly_fee, data_allowance_text, throttle_speed_text, voice_sms_text, is_active, display_order, created_at, updated_at, is_delete)
VALUES ('d1000003-0004-5001-8000-000000000003', 'LGU', 'LTE', '추가요금 걱정없는 59', 59000, '6.6GB', '1Mbps', '집/이동전화 무제한', TRUE, 3, NOW(), NOW(), FALSE) ON CONFLICT (id) DO NOTHING;
INSERT INTO price_plans (id, carrier, category, plan_name, monthly_fee, data_allowance_text, throttle_speed_text, voice_sms_text, is_active, display_order, created_at, updated_at, is_delete)
VALUES ('d1000004-0004-5001-8000-000000000004', 'LGU', 'LTE', '추가요금 걱정없는 49', 49000, '3GB', '1Mbps', '집/이동전화 무제한', TRUE, 4, NOW(), NOW(), FALSE) ON CONFLICT (id) DO NOTHING;

-- ========================================================================
-- Legacy Price Plans (기존 테스트용 - 신규 스키마 컬럼 기본값 적용)
-- ========================================================================
INSERT INTO price_plans (id, carrier, category, plan_name, monthly_fee, data_allowance_text, throttle_speed_text, voice_sms_text, is_active, display_order, created_at, updated_at, is_delete)
VALUES ('c1d2e311-1111-4111-8111-111111111111', 'SKT', 'FIVE_G', '5GX 프라임 110GB', 89000, '110GB', '5Mbps', '집/이동전화 무제한', TRUE, 100, '2026-03-08 10:00:00', '2026-03-08 10:00:00', FALSE)
ON CONFLICT (id) DO NOTHING;

INSERT INTO price_plans (id, carrier, category, plan_name, monthly_fee, data_allowance_text, throttle_speed_text, voice_sms_text, is_active, display_order, created_at, updated_at, is_delete)
VALUES ('c1d2e322-2222-4222-8222-222222222222', 'SKT', 'FIVE_G', '5GX 스탠다드', 69000, '110GB', '5Mbps', '집/이동전화 무제한', TRUE, 101, '2026-03-08 10:00:00', '2026-03-08 10:00:00', FALSE)
ON CONFLICT (id) DO NOTHING;

INSERT INTO price_plans (id, carrier, category, plan_name, monthly_fee, data_allowance_text, throttle_speed_text, voice_sms_text, is_active, display_order, created_at, updated_at, is_delete)
VALUES ('c1d2e333-3333-4333-8333-333333333333', 'LGU', 'FIVE_G', '5G 프리미어 에센셜', 85000, '무제한', '-', '집/이동전화 무제한', TRUE, 102, '2026-03-08 10:00:00', '2026-03-08 10:00:00', FALSE)
ON CONFLICT (id) DO NOTHING;

-- Bids from sellers
INSERT INTO bids (id, quote_id, seller_id, price_plan_id, price, delivery_days, rating_snapshot, purchase_method, carrier, current_carrier, activation_method, additional_subsidy, installment_principal, contract_months, status, created_at, updated_at, is_delete)
VALUES ('d1e2f311-1111-4111-8111-111111111111', 'b1c2d311-1111-4111-8111-111111111111', 'a1b2c311-1111-4111-8111-111111111111', 'c1d2e311-1111-4111-8111-111111111111', 980000, 1, 4.8, 'NUMBER_TRANSFER', 'SKT', 'KT', 'SELECTIVE_SUBSIDY', 120000, 350000, 24, 'ACTIVE', '2026-03-08 10:10:00', '2026-03-08 10:10:00', FALSE)
ON CONFLICT (id) DO NOTHING;

INSERT INTO bids (id, quote_id, seller_id, price_plan_id, price, delivery_days, rating_snapshot, purchase_method, carrier, current_carrier, activation_method, additional_subsidy, installment_principal, contract_months, status, created_at, updated_at, is_delete)
VALUES ('d1e2f322-2222-4222-8222-222222222222', 'b1c2d311-1111-4111-8111-111111111111', 'a1b2c322-2222-4222-8222-222222222222', 'c1d2e322-2222-4222-8222-222222222222', 965000, 2, 4.6, 'NUMBER_TRANSFER', 'SKT', 'KT', 'COMMON_SUBSIDY', 100000, 330000, 24, 'ACTIVE', '2026-03-08 10:12:00', '2026-03-08 10:12:00', FALSE)
ON CONFLICT (id) DO NOTHING;

INSERT INTO bids (id, quote_id, seller_id, price_plan_id, price, delivery_days, rating_snapshot, purchase_method, carrier, current_carrier, activation_method, additional_subsidy, installment_principal, contract_months, status, created_at, updated_at, is_delete)
VALUES ('d1e2f333-3333-4333-8333-333333333333', 'b1c2d322-2222-4222-8222-222222222222', 'a1b2c322-2222-4222-8222-222222222222', 'c1d2e333-3333-4333-8333-333333333333', 1050000, 3, 4.7, 'NEW_SUBSCRIPTION', 'LGU', NULL, 'COMMON_SUBSIDY', 80000, 420000, 24, 'ACTIVE', '2026-03-08 10:20:00', '2026-03-08 10:20:00', FALSE)
ON CONFLICT (id) DO NOTHING;

-- Additional services attached to bids
INSERT INTO bid_additional_services (id, bid_id, service_name, service_price, description, mandatory, cancellable_after_months, created_at, updated_at, is_delete)
VALUES ('e1f2a311-1111-4111-8111-111111111111', 'd1e2f311-1111-4111-8111-111111111111', '통화안심보험', 4900, '파손/분실 보장 보험', TRUE, 3, '2026-03-08 10:10:00', '2026-03-08 10:10:00', FALSE)
ON CONFLICT (id) DO NOTHING;

INSERT INTO bid_additional_services (id, bid_id, service_name, service_price, description, mandatory, cancellable_after_months, created_at, updated_at, is_delete)
VALUES ('e1f2a322-2222-4222-8222-222222222222', 'd1e2f322-2222-4222-8222-222222222222', '데이터쉐어링', 5500, '태블릿/워치 데이터 공유', FALSE, 1, '2026-03-08 10:12:00', '2026-03-08 10:12:00', FALSE)
ON CONFLICT (id) DO NOTHING;

INSERT INTO bid_additional_services (id, bid_id, service_name, service_price, description, mandatory, cancellable_after_months, created_at, updated_at, is_delete)
VALUES ('e1f2a333-3333-4333-8333-333333333333', 'd1e2f333-3333-4333-8333-333333333333', '유심보호서비스', 0, '유심 교체/보호 부가서비스', FALSE, NULL, '2026-03-08 10:20:00', '2026-03-08 10:20:00', FALSE)
ON CONFLICT (id) DO NOTHING;

